Protein,KEGG_Description,HAMAP_Subunit,Uniprot_Subunit,EN_Symbol,RefSeq_Description,EN_TC
WP_014232922.1,"amt, AMT, MEP; ammonium transporter, Amt family",,"Homotrimer (PubMed:12023896, PubMed:15361618, PubMed:15563598, PubMed:17040913). In response to elevation of the extracellular ammonium concentration, interacts and forms a complex with GlnK (PubMed:10637624, PubMed:11847102, PubMed:14668330, PubMed:16864585, PubMed:17190799, PubMed:17220269, PubMed:20639578). Interacts with GlnK with a stoichiometry of AmtB(3):GlnK(3) (PubMed:17190799, PubMed:17220269). Sequestration of GlnK is reversible (PubMed:14668330). {ECO:0000269|PubMed:10637624, ECO:0000269|PubMed:11847102, ECO:0000269|PubMed:12023896, ECO:0000269|PubMed:14668330, ECO:0000269|PubMed:15361618, ECO:0000269|PubMed:15563598, ECO:0000269|PubMed:16864585, ECO:0000269|PubMed:17040913, ECO:0000269|PubMed:17190799, ECO:0000269|PubMed:17220269, ECO:0000269|PubMed:20639578}.",amtB,ammonium transporter,1.A.11
WP_020333273.1,"amt, AMT, MEP; ammonium transporter, Amt family",,,,ammonium transporter,1.A.11
WP_014231503.1,focA; formate transporter,,"Homopentamer (PubMed:20041954, PubMed:24659605, PubMed:33169422). Interacts directly with the pyruvate formate-lyase PflB (PubMed:24887098). PflB interacts with the cytoplasmically oriented face of FocA and the N-terminal helix of FocA is important for this specific interaction (PubMed:24887098). Also interacts with the ketobutyrate/pyruvate formate-lyase TdcE (PubMed:28955877). {ECO:0000269|PubMed:20041954, ECO:0000269|PubMed:24659605, ECO:0000269|PubMed:24887098, ECO:0000269|PubMed:28955877, ECO:0000269|PubMed:33169422}.",focA,formate transporter FocA,"1.A.16.1.1,1.A.16.1.3"
WP_020334914.1,focA; formate transporter,,,VVA0737,formate transporter FocA,"1.A.16.1.1,1.A.16.1.3"
WP_014233084.1,mgtE; magnesium transporter,,,mgtE,magnesium transporter,1.A.26.1
WP_014233755.1,mgtE; magnesium transporter,,,mgtE,magnesium transporter,1.A.26.1
WP_014232829.1,zntB; zinc transporter,,,,CorA family divalent cation transporter,1.A.35.4
WP_049873777.1,fecA; Fe(3+) dicitrate transport protein,,,,TonB-dependent siderophore receptor,1.B.14.1.14
WP_020334031.1,btuB; vitamin B12 transporter,,"Interacts with TonB. {ECO:0000269|PubMed:10485884, ECO:0000269|PubMed:14528295}.; SUBUNIT: (Microbial infection) The hairpin motif of the receptor-binding domain of colicin E3 (ColE3) interacts with BtuB without displacing BtuB's central plug (PubMed:14528295). An N-terminal fragment of E3 binds OmpF; trimeric complexes with ColE3, BtuB and OmpF can be cross-linked and immunoprecipitated (PubMed:18636093). {ECO:0000269|PubMed:14528295, ECO:0000269|PubMed:18636093}.",btuB,TonB-dependent vitamin B12 receptor,1.B.14.3
WP_020334317.1,"glpT; MFS transporter, OPA family, glycerol-3-phosphate transporter",,Monomer.,glpT,glycerol-3-phosphate transporter,2.A.1.4.3
WP_020333804.1,"NRT2, narK, nrtP, nasA; MFS transporter, NNP family, nitrate/nitrite transporter",,,,NarK family nitrate/nitrite MFS transporter,2.A.1.8
WP_014233246.1,dcuA; anaerobic C4-dicarboxylate transporter DcuA,,,dcuA,anaerobic C4-dicarboxylate transporter,2.A.13.1
WP_014234181.1,dcuB; anaerobic C4-dicarboxylate transporter DcuB,,Interacts with DcuS (PubMed:27318186). DcuB/DcuS complexes are present both in the absence or presence of fumarate (PubMed:27318186). {ECO:0000269|PubMed:27318186}.,dcuB,anaerobic C4-dicarboxylate transporter,2.A.13.1
WP_020335534.1,"TC.BCT; betaine/carnitine transporter, BCCT family",,,butA,BCCT family transporter,2.A.15
WP_020333247.1,"TC.BCT; betaine/carnitine transporter, BCCT family",,,,BCCT family transporter,2.A.15
WP_014234588.1,"TC.BCT; betaine/carnitine transporter, BCCT family",,,,BCCT family transporter,2.A.15
WP_014234857.1,"TC.BCT; betaine/carnitine transporter, BCCT family",,,,BCCT family transporter,2.A.15
WP_014231129.1,"TC.POT; proton-dependent oligopeptide transporter, POT family",,,,peptide MFS transporter,2.A.17
WP_014230764.1,"TC.PIT; inorganic phosphate transporter, PiT family",,"Interacts with the small protein MgtS, and this interaction contributes to an increase in intracellular Mg(2+) content. {ECO:0000269|PubMed:30276893}.",pitA,inorganic phosphate transporter,2.A.20
WP_014234994.1,sstT; serine/threonine transporter,,,sstT,serine/threonine transporter SstT,2.A.23.4
WP_014233759.1,yjeH; amino acid efflux transporter,,,,L-methionine/branched-chain amino acid transporter,2.A.3.13
WP_014231754.1,tyrP; tyrosine-specific transport protein,,,tyrP,aromatic amino acid transport family protein,2.A.42.1.1
WP_014234666.1,tyrP; tyrosine-specific transport protein,,,,aromatic amino acid transport family protein,2.A.42.1.1
WP_020333498.1,mtr; tryptophan-specific transport protein,,,mtr,aromatic amino acid transporter,2.A.42.1.2
WP_014232351.1,sdaC; serine transporter,,,sdaC,aromatic amino acid transport family protein,2.A.42.2.1
WP_020334957.1,sdaC; serine transporter,,,sdaC-2,aromatic amino acid transport family protein,2.A.42.2.1
WP_014231749.1,"SLC13A2_3_5; solute carrier family 13 (sodium-dependent dicarboxylate transporter), member 2/3/5",,,,SLC13 family permease,2.A.47.1
WP_014231587.1,"SLC13A2_3_5; solute carrier family 13 (sodium-dependent dicarboxylate transporter), member 2/3/5",,,,DASS family sodium-coupled anion symporter,2.A.47.1
WP_020336191.1,"SLC13A2_3_5; solute carrier family 13 (sodium-dependent dicarboxylate transporter), member 2/3/5",,,,SLC13 family permease,2.A.47.1
WP_020334329.1,chrA; chromate transporter,,,,chromate efflux transporter,2.A.51.1
WP_014231723.1,chrA; chromate transporter,,,,chromate transporter,2.A.51.1
WP_020333210.1,chrA; chromate transporter,,,,chromate transporter,2.A.51.1
WP_014231214.1,"dctM; C4-dicarboxylate transporter, DctM subunit",,,dctM,TRAP transporter large permease,2.A.56.1
WP_020336138.1,"dctQ; C4-dicarboxylate transporter, DctQ subunit",,,,TRAP transporter small permease,2.A.56.1
WP_014230861.1,"SLC34A, NPT, nptA; solute carrier family 34 (sodium-dependent phosphate cotransporter)",,,nptA,Na/Pi symporter,2.A.58.1
WP_020335324.1,"ACR3, arsB; arsenite transporter",,,arsB,ACR3 family arsenite efflux transporter,2.A.59
WP_020334755.1,"TC.DCUC, dcuC, dcuD; C4-dicarboxylate transporter, DcuC family",,,dcuC,anaerobic C4-dicarboxylate transporter DcuC,2.A.61.1
WP_020333755.1,eamA; O-acetylserine/cysteine efflux transporter,,,,O-acetylserine/cysteine exporter,2.A.7.3.2
WP_014232548.1,yuiF; putative amino acid transporter,,,,Na+/H+ antiporter family protein,2.A.8.1.12
WP_020336344.1,tctA; putative tricarboxylic transport membrane protein,,,,tripartite tricarboxylate transporter permease,2.A.80.1
WP_020336343.1,tctB; putative tricarboxylic transport membrane protein,,,,tripartite tricarboxylate transporter TctB family protein,2.A.80.1
WP_014231940.1,tctC; putative tricarboxylic transport membrane protein,,,VP1651,tripartite tricarboxylate transporter substrate binding protein,2.A.80.1
WP_014231566.1,K07085; putative transport protein,,,ybjL,aspartate:alanine antiporter,2.A.81
WP_014234865.1,"malK, mtlK, thuK; multiple sugar transport system ATP-binding protein [EC:7.5.2.-]",,"The complex is composed of two ATP-binding proteins (MalK), two transmembrane proteins (MalG and MalF) and a solute-binding protein (MalE). Protein stability and stable complex formation require YidC. {ECO:0000269|PubMed:18456666, ECO:0000269|PubMed:2026607, ECO:0000269|PubMed:2155217}.",malK,maltose/maltodextrin ABC transporter ATP-binding protein MalK,3.A.1.1
WP_014231211.1,"msmX, msmK, malK, sugC, ggtA, msiK; multiple sugar transport system ATP-binding protein [EC:7.5.2.-]",,,,sn-glycerol-3-phosphate ABC transporter ATP-binding protein UgpC,3.A.1.1
WP_014234864.1,malE; maltose/maltodextrin transport system substrate-binding protein,,"The complex is composed of two ATP-binding proteins (MalK), two transmembrane proteins (MalG and MalF) and a solute-binding protein (MalE). {ECO:0000269|PubMed:2026607, ECO:0000269|PubMed:2155217}.",malE,maltose/maltodextrin ABC transporter substrate-binding protein MalE,"3.A.1.1.1,3.A.1.1.22"
WP_020335420.1,malF; maltose/maltodextrin transport system permease protein,,"The complex is composed of two ATP-binding proteins (MalK), two transmembrane proteins (MalG and MalF) and a solute-binding protein (MalE). Protein stability and stable complex formation require YidC. {ECO:0000269|PubMed:10809785, ECO:0000269|PubMed:18456666, ECO:0000269|PubMed:2026607, ECO:0000269|PubMed:2155217}.",malF,maltose ABC transporter permease MalF,"3.A.1.1.1,3.A.1.1.22"
WP_014234862.1,malG; maltose/maltodextrin transport system permease protein,,"The complex is composed of two ATP-binding proteins (MalK), two transmembrane proteins (MalG and MalF) and a solute-binding protein (MalE). Protein stability and stable complex formation require YidC. {ECO:0000269|PubMed:10809785, ECO:0000269|PubMed:18456666, ECO:0000269|PubMed:2026607, ECO:0000269|PubMed:2155217}.",malG,maltose ABC transporter permease MalG,"3.A.1.1.1,3.A.1.1.22"
WP_014231208.1,"gtsA, glcE; glucose/mannose transport system substrate-binding protein",,,,ABC transporter substrate-binding protein,"3.A.1.1.24,3.A.1.1.30"
WP_020336135.1,"gtsB, glcF; glucose/mannose transport system permease protein",,,,sugar ABC transporter permease,"3.A.1.1.24,3.A.1.1.30"
WP_020336136.1,"gtsC, glcG; glucose/mannose transport system permease protein",,,,carbohydrate ABC transporter permease,"3.A.1.1.24,3.A.1.1.30"
WP_014232921.1,"afuA, fbpA; iron(III) transport system substrate-binding protein",,,fbpA,Fe(3+) ABC transporter substrate-binding protein,3.A.1.10
WP_024373020.1,"afuA, fbpA; iron(III) transport system substrate-binding protein",,,,putative 2-aminoethylphosphonate ABC transporter substrate-binding protein,3.A.1.10
WP_020333925.1,"afuB, fbpB; iron(III) transport system permease protein",,,fbpB,iron ABC transporter permease,3.A.1.10
WP_020334373.1,"afuB, fbpB; iron(III) transport system permease protein",,,,putative 2-aminoethylphosphonate ABC transporter permease subunit,3.A.1.10
WP_020333924.1,"afuC, fbpC; iron(III) transport system ATP-binding protein [EC:7.2.2.7]",,"The complex is composed of two ATP-binding proteins (FbpC), two transmembrane proteins (FbpB) and a solute-binding protein (FbpA). {ECO:0000255|HAMAP-Rule:MF_01706}.",fbpC,ABC transporter ATP-binding protein,3.A.1.10
WP_020334372.1,"afuC, fbpC; iron(III) transport system ATP-binding protein [EC:7.2.2.7]",,,,putative 2-aminoethylphosphonate ABC transporter ATP-binding protein,3.A.1.10
WP_020334419.1,ABC.SP.A; putative spermidine/putrescine transport system ATP-binding protein,,,,ABC transporter ATP-binding protein,3.A.1.11
WP_020334423.1,ABC.SP.P1; putative spermidine/putrescine transport system permease protein,,,,ABC transporter permease subunit,3.A.1.11
WP_020334421.1,ABC.SP.P; putative spermidine/putrescine transport system permease protein,,,,ABC transporter permease,3.A.1.11
WP_020334425.1,ABC.SP.S; putative spermidine/putrescine transport system substrate-binding protein,,,,ABC transporter substrate-binding protein,3.A.1.11
WP_020333277.1,potA; spermidine/putrescine transport system ATP-binding protein [EC:7.6.2.11],,"The complex is composed of two ATP-binding proteins (PotA), two transmembrane proteins (PotB and PotC) and a solute-binding protein (PotD). {ECO:0000255|HAMAP-Rule:MF_01726}.",potA,spermidine/putrescine ABC transporter ATP-binding protein PotA,3.A.1.11.1
WP_014231828.1,potB; spermidine/putrescine transport system permease protein,,,potB,spermidine/putrescine ABC transporter permease PotB,3.A.1.11.1
WP_020333276.1,potC; spermidine/putrescine transport system permease protein,,,potC,spermidine/putrescine ABC transporter permease PotC,3.A.1.11.1
WP_020333275.1,potD; spermidine/putrescine transport system substrate-binding protein,,,,extracellular solute-binding protein,3.A.1.11.1
WP_014231825.1,potD; spermidine/putrescine transport system substrate-binding protein,,,potD,extracellular solute-binding protein,3.A.1.11.1
WP_020334433.1,potD; spermidine/putrescine transport system substrate-binding protein,,,,spermidine/putrescine ABC transporter substrate-binding protein,3.A.1.11.1
WP_014231257.1,"potF, spuD, spuE; putrescine transport system substrate-binding protein",,,,extracellular solute-binding protein,3.A.1.11.2
WP_020332831.1,"potG, spuF; putrescine transport system ATP-binding protein [EC:7.6.2.16]",,"The complex is composed of two ATP-binding proteins (PotG), two transmembrane proteins (PotH and PotI) and a solute-binding protein (PotF). {ECO:0000269|PubMed:23719730, ECO:0000269|PubMed:8416922}.",potG,putrescine ABC transporter ATP-binding subunit PotG,3.A.1.11.2
WP_014231259.1,"potH, spuG; putrescine transport system permease protein",,,,putrescine ABC transporter permease PotH,3.A.1.11.2
WP_014231260.1,"potI, spuH; putrescine transport system permease protein",,,,ABC transporter permease subunit,3.A.1.11.2
WP_014231965.1,proV; glycine betaine/proline transport system ATP-binding protein [EC:7.6.2.9],,"The complex is composed of two ATP-binding proteins (ProV), two transmembrane proteins (ProW) and a solute-binding protein (ProX). {ECO:0000269|PubMed:23249124}.",proV,glycine betaine/L-proline ABC transporter ATP-binding protein ProV,3.A.1.12
WP_014233985.1,proV; glycine betaine/proline transport system ATP-binding protein [EC:7.6.2.9],,,choV,choline ABC transporter ATP-binding protein,3.A.1.12
WP_020336359.1,proW; glycine betaine/proline transport system permease protein,,"The complex is composed of two ATP-binding proteins (ProV), two transmembrane proteins (ProW) and a solute-binding protein (ProX). {ECO:0000269|PubMed:23249124}.",proW,glycine betaine/L-proline ABC transporter permease ProW,3.A.1.12
WP_024372589.1,proW; glycine betaine/proline transport system permease protein,,,choW,choline ABC transporter permease subunit,3.A.1.12
WP_020336361.1,proX; glycine betaine/proline transport system substrate-binding protein,,"The complex is composed of two ATP-binding proteins (ProV), two transmembrane proteins (ProW) and a solute-binding protein (ProX). {ECO:0000269|PubMed:23249124}.",proX,glycine betaine/L-proline ABC transporter substrate-binding protein ProX,3.A.1.12
WP_020333795.1,proX; glycine betaine/proline transport system substrate-binding protein,,,choX,choline ABC transporter substrate-binding protein,3.A.1.12
WP_020334360.1,macB; macrolide transport system ATP-binding/permease protein [EC:7.6.2.-],,"Homodimer. Part of the tripartite efflux system MacAB-TolC, which is composed of an inner membrane transporter, MacB, a periplasmic membrane fusion protein, MacA, and an outer membrane component, TolC. The complex forms a large protein conduit and can translocate molecules across both the inner and outer membranes. Interacts with MacA. {ECO:0000255|HAMAP-Rule:MF_01720, ECO:0000269|PubMed:17214741, ECO:0000269|PubMed:18955484, ECO:0000269|PubMed:21696464}.",macB,MacB family efflux pump subunit,"3.A.1.122.1,3.A.1.122.12"
WP_020333111.1,btuC; vitamin B12 transport system permease protein,"The complex is composed of two ATP-binding proteins (BtuD),two transmembrane proteins (BtuC) and a solute-binding protein (BtuF).{ECO:0000256|HAMAP-Rule:MF_01004}.","The complex is composed of two ATP-binding proteins (BtuD), two transmembrane proteins (BtuC) and a solute-binding protein (BtuF). {ECO:0000269|PubMed:12004122}.",btuC,vitamin B12 ABC transporter permease BtuC,3.A.1.13
WP_029791807.1,btuD; vitamin B12 transport system ATP-binding protein [EC:7.6.2.8],"The complex is composed of two ATP-binding proteins (BtuD),two transmembrane proteins (BtuC) and a solute-binding protein (BtuF).{ECO:0000256|HAMAP-Rule:MF_01005}.","The complex is composed of two ATP-binding proteins (BtuD), two transmembrane proteins (BtuC) and a solute-binding protein (BtuF). {ECO:0000255|HAMAP-Rule:MF_01005, ECO:0000269|PubMed:12004122}.",btuD,vitamin B12 ABC transporter ATP-binding protein BtuD,3.A.1.13
WP_020335898.1,btuF; vitamin B12 transport system substrate-binding protein,"The complex is composed of two ATP-binding proteins (BtuD),two transmembrane proteins (BtuC) and a solute-binding protein (BtuF).{ECO:0000256|HAMAP-Rule:MF_01000}.","The complex is composed of two ATP-binding proteins (BtuD), two transmembrane proteins (BtuC) and a solute-binding protein (BtuF). {ECO:0000255|HAMAP-Rule:MF_01000, ECO:0000269|PubMed:12468528, ECO:0000269|PubMed:12475936}.",btuF,vitamin B12 ABC transporter substrate-binding protein BtuF,3.A.1.13
WP_020333131.1,ABC.FEV.A; iron complex transport system ATP-binding protein [EC:7.2.2.-],,,,ABC transporter ATP-binding protein,3.A.1.14
WP_020333135.1,ABC.FEV.P; iron complex transport system permease protein,,,,iron ABC transporter permease,3.A.1.14
WP_049873808.1,fecC; ferric citrate transport system permease protein,,,,iron chelate uptake ABC transporter family permease subunit,3.A.1.14
WP_014232567.1,fecD; ferric citrate transport system permease protein,,,,iron chelate uptake ABC transporter family permease subunit,3.A.1.14
WP_020334538.1,fecE; ferric citrate transport system ATP-binding protein [EC:7.2.2.18],,"The complex is composed of two ATP-binding proteins (FecE), two transmembrane proteins (FecC and FecD) and a solute-binding protein (FecB). {ECO:0000269|PubMed:2651410}.",fecE,Fe(3+) dicitrate ABC transporter ATP-binding protein FecE,3.A.1.14
WP_020335450.1,fhuB; ferric hydroxamate transport system permease protein,,,,Fe(3+)-hydroxamate ABC transporter permease FhuB,3.A.1.14
WP_020335447.1,fhuC; ferric hydroxamate transport system ATP-binding protein [EC:7.2.2.16],,"The complex is composed of two ATP-binding proteins (FhuC), a transmembrane protein (FhuB) and a solute-binding protein (FhuD) (PubMed:34887516). FhuB interacts with FhuC (PubMed:1551849). FhuB interacts with FhuD (PubMed:34887516, PubMed:8522527, PubMed:9426146). FhuB binds substrate-loaded FhuD more strongly than FhuD alone (PubMed:34887516). {ECO:0000269|PubMed:1551849, ECO:0000269|PubMed:34887516, ECO:0000269|PubMed:8522527, ECO:0000269|PubMed:9426146}.",fhuB,ABC transporter ATP-binding protein,3.A.1.14
WP_020335449.1,fhuD; ferric hydroxamate transport system substrate-binding protein,,,VPA1437,iron-siderophore ABC transporter substrate-binding protein,3.A.1.14
WP_020333491.1,"yclN, ceuB; iron-siderophore transport system permease protein",,,,iron chelate uptake ABC transporter family permease subunit,3.A.1.14
WP_020333492.1,"yclO, ceuC; iron-siderophore transport system permease protein",,,,iron chelate uptake ABC transporter family permease subunit,3.A.1.14
WP_020333493.1,"yclP, ceuD; iron-siderophore transport system ATP-binding protein [EC:7.2.2.-]",,,,ATP-binding cassette domain-containing protein,3.A.1.14
WP_014235009.1,"yclQ, ceuA; iron-siderophore transport system substrate-binding protein",,,vctP,ABC transporter substrate-binding protein,3.A.1.14
WP_020334244.1,"yclQ, ceuA; iron-siderophore transport system substrate-binding protein",,,yclQ,siderophore ABC transporter substrate-binding protein,3.A.1.14
WP_020336309.1,znuA; zinc transport system substrate-binding protein,,,znuA,zinc ABC transporter substrate-binding protein ZnuA,"3.A.1.15.3,3.A.1.15.5"
WP_020336308.1,znuB; zinc transport system permease protein,,,znuB,zinc ABC transporter permease subunit ZnuB,"3.A.1.15.3,3.A.1.15.5"
WP_014231155.1,znuC; zinc transport system ATP-binding protein [EC:7.2.2.20],,"The complex is composed of two ATP-binding proteins (ZnuC), two transmembrane proteins (ZnuB) and a solute-binding protein (ZnuA). {ECO:0000255|HAMAP-Rule:MF_01725}.",znuC,zinc ABC transporter ATP-binding protein ZnuC,"3.A.1.15.3,3.A.1.15.5"
WP_020335005.1,tauC; taurine transport system permease protein,,,,ABC transporter permease subunit,"3.A.1.17.1,3.A.1.17.2,3.A.1.17.4"
WP_020335005.1,tauC; taurine transport system permease protein,,,,ABC transporter permease subunit,"3.A.1.17.1,3.A.1.17.2,3.A.1.17.4"
WP_020335006.1,tauA; taurine transport system substrate-binding protein,,,tauA,taurine ABC transporter substrate-binding protein,"3.A.1.17.1,3.A.1.17.4"
WP_014235081.1,tauB; taurine transport system ATP-binding protein [EC:7.6.2.7],,"The complex is composed of two ATP-binding proteins (TauB), two transmembrane proteins (TauC) and a solute-binding protein (TauA). {ECO:0000255|HAMAP-Rule:MF_01714}.",tauB,taurine ABC transporter ATP-binding protein,"3.A.1.17.1,3.A.1.17.4"
WP_020333162.1,araH; L-arabinose transport system permease protein,,,,ABC transporter permease,"3.A.1.2.1,3.A.1.2.13,3.A.1.2.19"
WP_020333160.1,rbsA; ribose transport system ATP-binding protein [EC:7.5.2.7],,,,sugar ABC transporter ATP-binding protein,"3.A.1.2.1,3.A.1.2.13,3.A.1.2.19"
WP_020334733.1,rbsA; ribose transport system ATP-binding protein [EC:7.5.2.7],,"The complex is composed of an ATP-binding protein (RbsA), two transmembrane proteins (RbsC) and a solute-binding protein (RbsB). {ECO:0000255|HAMAP-Rule:MF_01716, ECO:0000269|PubMed:25533465}.",rbsA,ribose ABC transporter ATP-binding protein RbsA,"3.A.1.2.1,3.A.1.2.13,3.A.1.2.19"
WP_020333163.1,rbsB; ribose transport system substrate-binding protein,,,,sugar ABC transporter substrate-binding protein,"3.A.1.2.1,3.A.1.2.13,3.A.1.2.19"
WP_020334735.1,rbsB; ribose transport system substrate-binding protein,,"The complex is composed of an ATP-binding protein (RbsA), two transmembrane proteins (RbsC) and a solute-binding protein (RbsB). {ECO:0000269|PubMed:25533465}.",rbsB,ribose ABC transporter substrate-binding protein RbsB,"3.A.1.2.1,3.A.1.2.13,3.A.1.2.19"
WP_020334734.1,rbsC; ribose transport system permease protein,,"The complex is composed of an ATP-binding protein (RbsA), two transmembrane proteins (RbsC) and a solute-binding protein (RbsB). {ECO:0000269|PubMed:25533465}.",rbsC,ribose ABC transporter permease,"3.A.1.2.1,3.A.1.2.13,3.A.1.2.19"
WP_014235070.1,araG; L-arabinose transport system ATP-binding protein [EC:7.5.2.12],,"The complex is composed of two ATP-binding proteins (AraG), two transmembrane proteins (AraH) and a solute-binding protein (AraF). {ECO:0000255|HAMAP-Rule:MF_01721}.",araG,L-arabinose ABC transporter ATP-binding protein AraG,"3.A.1.2.1,3.A.1.2.13,3.A.1.2.19,3.A.1.2.2"
WP_014235070.1,araG; L-arabinose transport system ATP-binding protein [EC:7.5.2.12],,"The complex is composed of two ATP-binding proteins (AraG), two transmembrane proteins (AraH) and a solute-binding protein (AraF). {ECO:0000255|HAMAP-Rule:MF_01721}.",araG,L-arabinose ABC transporter ATP-binding protein AraG,"3.A.1.2.1,3.A.1.2.13,3.A.1.2.19,3.A.1.2.2"
WP_014235069.1,araH; L-arabinose transport system permease protein,,,,L-arabinose ABC transporter permease AraH,"3.A.1.2.1,3.A.1.2.13,3.A.1.2.19,3.A.1.2.2"
WP_014235069.1,araH; L-arabinose transport system permease protein,,,,L-arabinose ABC transporter permease AraH,"3.A.1.2.1,3.A.1.2.13,3.A.1.2.19,3.A.1.2.2"
WP_020334998.1,araF; L-arabinose transport system substrate-binding protein,,,,arabinose ABC transporter substrate-binding protein,3.A.1.2.2
WP_020333714.1,metI; D-methionine transport system permease protein,,,metI,methionine ABC transporter permease,3.A.1.24
WP_014231035.1,metN; D-methionine transport system ATP-binding protein,,"The complex is composed of two ATP-binding proteins (MetN), two transmembrane proteins (MetI) and a solute-binding protein (MetQ). {ECO:0000255|HAMAP-Rule:MF_01719, ECO:0000269|PubMed:12218041, ECO:0000269|PubMed:18621668, ECO:0000269|PubMed:30352853}.",metN,methionine ABC transporter ATP-binding protein MetN,3.A.1.24
WP_014231033.1,metQ; D-methionine transport system substrate-binding protein,,,metQ,MetQ/NlpA family lipoprotein,3.A.1.24
WP_020335859.1,metQ; D-methionine transport system substrate-binding protein,,,,MetQ/NlpA family ABC transporter substrate-binding protein,3.A.1.24
WP_024373042.1,ABC.PA.A; polar amino acid transport system ATP-binding protein [EC:7.4.2.1],,Heterotetramer with 2 subunits of GlnQ and 2 subunits of GlnP. {ECO:0000269|PubMed:16079137}.,glnQ,amino acid ABC transporter ATP-binding protein,3.A.1.3
WP_014234126.1,ABC.PA.A; polar amino acid transport system ATP-binding protein [EC:7.4.2.1],,,,amino acid ABC transporter ATP-binding protein,3.A.1.3
WP_020334931.1,ABC.PA.A; polar amino acid transport system ATP-binding protein [EC:7.4.2.1],,Heterotetramer with 2 subunits of GlnQ and 2 subunits of GlnP. {ECO:0000269|PubMed:16079137}.,glnQ,amino acid ABC transporter ATP-binding protein,3.A.1.3
WP_024373041.1,ABC.PA.P; polar amino acid transport system permease protein,,,,amino acid ABC transporter permease,3.A.1.3
WP_024372655.1,ABC.PA.P; polar amino acid transport system permease protein,,,,amino acid ABC transporter permease,3.A.1.3
WP_020333774.1,ABC.PA.P; polar amino acid transport system permease protein,,,,ABC transporter permease subunit,3.A.1.3
WP_020333775.1,ABC.PA.P; polar amino acid transport system permease protein,,,,ABC transporter permease,3.A.1.3
WP_014234124.1,ABC.PA.P; polar amino acid transport system permease protein,,,,amino acid ABC transporter permease,3.A.1.3
WP_014234125.1,ABC.PA.P; polar amino acid transport system permease protein,,,,amino acid ABC transporter permease,3.A.1.3
WP_020334932.1,ABC.PA.P; polar amino acid transport system permease protein,,,,amino acid ABC transporter permease,3.A.1.3
WP_020334934.1,ABC.PA.P; polar amino acid transport system permease protein,,,,amino acid ABC transporter permease,3.A.1.3
WP_014232571.1,ABC.PA.S; polar amino acid transport system substrate-binding protein,,,,transporter substrate-binding domain-containing protein,3.A.1.3
WP_020333773.1,ABC.PA.S; polar amino acid transport system substrate-binding protein,,,,ABC transporter substrate-binding protein,3.A.1.3
WP_020333871.1,ABC.PA.S; polar amino acid transport system substrate-binding protein,,,,transporter substrate-binding domain-containing protein,3.A.1.3
WP_014234123.1,ABC.PA.S; polar amino acid transport system substrate-binding protein,,,,transporter substrate-binding domain-containing protein,3.A.1.3
WP_020334933.1,ABC.PA.S; polar amino acid transport system substrate-binding protein,,,,transporter substrate-binding domain-containing protein,3.A.1.3
WP_014230421.1,yxeM; putative S-methylcysteine transport system substrate-binding protein,,,patH,amino acid ABC transporter substrate-binding protein,3.A.1.3
WP_014230420.1,yxeN; putative S-methylcysteine transport system permease protein,,,yecS,amino acid ABC transporter permease,3.A.1.3
WP_020333576.1,yxeO; putative S-methylcysteine transport system ATP-binding protein,,,tcyC,amino acid ABC transporter ATP-binding protein,3.A.1.3
WP_014233674.1,aotJ; arginine/ornithine transport system substrate-binding protein,,,,ABC transporter substrate-binding protein,"3.A.1.3,3.A.1.3.11"
WP_014233674.1,aotJ; arginine/ornithine transport system substrate-binding protein,,,,ABC transporter substrate-binding protein,"3.A.1.3,3.A.1.3.11"
WP_020333316.1,"aapP, bztD; general L-amino acid transport system ATP-binding protein [EC:7.4.2.1]",,,aapP,amino acid ABC transporter ATP-binding protein,"3.A.1.3,3.A.1.3.17,3.A.1.3.18,3.A.1.3.7,3.A.1.3.8"
WP_020333316.1,"aapP, bztD; general L-amino acid transport system ATP-binding protein [EC:7.4.2.1]",,,aapP,amino acid ABC transporter ATP-binding protein,"3.A.1.3,3.A.1.3.17,3.A.1.3.18,3.A.1.3.7,3.A.1.3.8"
WP_014231303.1,aotJ; arginine/ornithine transport system substrate-binding protein,,,aotJ,ABC transporter substrate-binding protein,3.A.1.3.11
WP_020334955.1,aotJ; arginine/ornithine transport system substrate-binding protein,,,,transporter substrate-binding domain-containing protein,3.A.1.3.11
WP_014231305.1,aotM; arginine/ornithine transport system permease protein,,,aotM,ABC transporter permease,3.A.1.3.11
WP_014231302.1,aotP; arginine/ornithine transport system ATP-binding protein [EC:7.4.2.1],,,aotP,ABC transporter ATP-binding protein,3.A.1.3.11
WP_014231304.1,aotQ; arginine/ornithine transport system permease protein,,,aotQ,ABC transporter permease,3.A.1.3.11
WP_020336404.1,"aapP, bztD; general L-amino acid transport system ATP-binding protein [EC:7.4.2.1]",,,,amino acid ABC transporter ATP-binding protein,"3.A.1.3.17,3.A.1.3.18,3.A.1.3.7,3.A.1.3.8"
WP_020336408.1,"aapJ, bztA; general L-amino acid transport system substrate-binding protein",,,,transporter substrate-binding domain-containing protein,"3.A.1.3.18,3.A.1.3.7,3.A.1.3.8"
WP_020333314.1,"aapJ, bztA; general L-amino acid transport system substrate-binding protein",,,aapJ,amino acid ABC transporter substrate-binding protein,"3.A.1.3.18,3.A.1.3.7,3.A.1.3.8"
WP_020333315.1,"aapM, bztC; general L-amino acid transport system permease protein",,,aapM,amino acid ABC transporter permease,"3.A.1.3.18,3.A.1.3.7,3.A.1.3.8"
WP_020336407.1,"aapQ, bztB; general L-amino acid transport system permease protein",,,,ABC transporter permease subunit,"3.A.1.3.18,3.A.1.3.7,3.A.1.3.8"
WP_014231907.1,"aapQ, bztB; general L-amino acid transport system permease protein",,,aapQ,amino acid ABC transporter permease,"3.A.1.3.18,3.A.1.3.7,3.A.1.3.8"
WP_014234360.1,artI; arginine transport system substrate-binding protein,,"The complex is composed of two ATP-binding proteins (ArtP), two transmembrane proteins (ArtM and ArtQ) and two solute-binding proteins (ArtJ and ArtI). {ECO:0000305|PubMed:8801422}.",artI,lysine/arginine/ornithine ABC transporter substrate-binding protein,3.A.1.3.3
WP_020335984.1,artM; arginine transport system permease protein,,"The complex is composed of two ATP-binding proteins (ArtP), two transmembrane proteins (ArtM and ArtQ) and two solute-binding proteins (ArtJ and ArtI). {ECO:0000305|PubMed:8801422}.",artM,arginine ABC transporter permease ArtM,3.A.1.3.3
WP_014234361.1,artP; arginine transport system ATP-binding protein [EC:7.4.2.1],,"The complex is composed of two ATP-binding proteins (ArtP), two transmembrane proteins (ArtM and ArtQ) and two solute-binding proteins (ArtJ and ArtI). {ECO:0000305|PubMed:8801422}.",artP,arginine ABC transporter ATP-binding protein ArtP,3.A.1.3.3
WP_020335985.1,artQ; arginine transport system permease protein,,"The complex is composed of two ATP-binding proteins (ArtP), two transmembrane proteins (ArtM and ArtQ) and two solute-binding proteins (ArtJ and ArtI). {ECO:0000305|PubMed:8801422}.",artQ,arginine ABC transporter permease ArtQ,3.A.1.3.3
WP_303621067.1,livF; branched-chain amino acid transport system ATP-binding protein,,,,ABC transporter ATP-binding protein,3.A.1.4
WP_014233948.1,livF; branched-chain amino acid transport system ATP-binding protein,,,,ABC transporter ATP-binding protein,3.A.1.4
WP_020333761.1,livG; branched-chain amino acid transport system ATP-binding protein,,,,ABC transporter ATP-binding protein,3.A.1.4
WP_020334353.1,livH; branched-chain amino acid transport system permease protein,,,,branched-chain amino acid ABC transporter permease,3.A.1.4
WP_020333763.1,livH; branched-chain amino acid transport system permease protein,,,,branched-chain amino acid ABC transporter permease,3.A.1.4
WP_020334352.1,livK; branched-chain amino acid transport system substrate-binding protein,,,,ABC transporter substrate-binding protein,3.A.1.4
WP_014233947.1,livK; branched-chain amino acid transport system substrate-binding protein,,,,ABC transporter substrate-binding protein,3.A.1.4
WP_014233946.1,livM; branched-chain amino acid transport system permease protein,,,,branched-chain amino acid ABC transporter permease,3.A.1.4
WP_014231736.1,urtA; urea transport system substrate-binding protein,,,urtA,urea ABC transporter substrate-binding protein,"3.A.1.4.4,3.A.1.4.5"
WP_020333223.1,urtB; urea transport system permease protein,,,urtB,urea ABC transporter permease subunit UrtB,"3.A.1.4.4,3.A.1.4.5"
WP_020333224.1,urtC; urea transport system permease protein,,,urtC,urea ABC transporter permease subunit UrtC,"3.A.1.4.4,3.A.1.4.5"
WP_014231739.1,urtD; urea transport system ATP-binding protein,,,urtD,urea ABC transporter ATP-binding protein UrtD,"3.A.1.4.4,3.A.1.4.5"
WP_014231740.1,urtE; urea transport system ATP-binding protein,,,urtE,urea ABC transporter ATP-binding subunit UrtE,"3.A.1.4.4,3.A.1.4.5"
WP_014233417.1,"ATPF0A, atpB; F-type H+-transporting ATPase subunit a",,"F-type ATPases have 2 components, CF(1) - the catalytic core - and CF(0) - the membrane proton channel. CF(1) has five subunits: alpha(3), beta(3), gamma(1), delta(1), epsilon(1). CF(0) has three main subunits: a(1), b(2) and c(9-12). The alpha and beta chains form an alternating ring which encloses part of the gamma chain. CF(1) is attached to CF(0) by a central stalk formed by the gamma and epsilon chains, while a peripheral stalk is formed by the delta and b chains.",atpB,F0F1 ATP synthase subunit A,3.A.2.1
WP_020335246.1,"ATPF0A, atpB; F-type H+-transporting ATPase subunit a",,,,F0F1 ATP synthase subunit A,3.A.2.1
WP_014233416.1,"ATPF0B, atpF; F-type H+-transporting ATPase subunit b","F-type ATPases have 2 components, F(1) - the catalytic core- and F(0) - the membrane proton channel. F(1) has five subunits:alpha(3), beta(3), gamma(1), delta(1), epsilon(1). F(0) has three mainsubunits: a(1), b(2) and c(10-14). The alpha and beta chains form analternating ring which encloses part of the gamma chain. F(1) isattached to F(0) by a central stalk formed by the gamma and epsilonchains, while a peripheral stalk is formed by the delta and b chains.{ECO:0000256|HAMAP-Rule:MF_01398}.","F-type ATPases have 2 components, F(1) - the catalytic core - and F(0) - the membrane proton channel. F(1) has five subunits: alpha(3), beta(3), gamma(1), delta(1), epsilon(1). F(0) has three main subunits: a(1), b(2) and c(10-14). The alpha and beta chains form an alternating ring which encloses part of the gamma chain. F(1) is attached to F(0) by a central stalk formed by the gamma and epsilon chains, while a peripheral stalk is formed by the delta and b chains. {ECO:0000255|HAMAP-Rule:MF_01398}.",atpF,F0F1 ATP synthase subunit B,3.A.2.1
WP_020335244.1,"ATPF0B, atpF; F-type H+-transporting ATPase subunit b","F-type ATPases have 2 components, F(1) - the catalytic core- and F(0) - the membrane proton channel. F(1) has five subunits:alpha(3), beta(3), gamma(1), delta(1), epsilon(1). F(0) has three mainsubunits: a(1), b(2) and c(10-14). The alpha and beta chains form analternating ring which encloses part of the gamma chain. F(1) isattached to F(0) by a central stalk formed by the gamma and epsilonchains, while a peripheral stalk is formed by the delta and b chains.{ECO:0000256|HAMAP-Rule:MF_01398}.",,,F0F1 ATP synthase subunit delta,3.A.2.1
WP_002540812.1,"ATPF0C, atpE; F-type H+-transporting ATPase subunit c",,"F-type ATPases have 2 components, F(1) - the catalytic core - and F(0) - the membrane proton channel. F(1) has five subunits: alpha(3), beta(3), gamma(1), delta(1), epsilon(1). F(0) has three main subunits: a(1), b(2) and c(10). The alpha and beta chains form an alternating ring which encloses part of the gamma chain. F(1) is attached to F(0) by a central stalk formed by the gamma and epsilon chains, while a peripheral stalk is formed by the delta and b chains. {ECO:0000269|PubMed:11320246}.",atpE,F0F1 ATP synthase subunit C,3.A.2.1
WP_014234581.1,"ATPF0C, atpE; F-type H+-transporting ATPase subunit c",,,,ATP synthase F0 subunit C,3.A.2.1
WP_014233414.1,"ATPF1A, atpA; F-type H+/Na+-transporting ATPase subunit alpha [EC:7.1.2.2 7.2.2.1]",,"F-type ATPases have 2 components, CF(1) - the catalytic core - and CF(0) - the membrane proton channel. CF(1) has five subunits: alpha(3), beta(3), gamma(1), delta(1), epsilon(1). CF(0) has three main subunits: a(1), b(2) and c(9-12). The alpha and beta chains form an alternating ring which encloses part of the gamma chain. CF(1) is attached to CF(0) by a central stalk formed by the gamma and epsilon chains, while a peripheral stalk is formed by the delta and b chains. {ECO:0000255|HAMAP-Rule:MF_01346}.",atpA,F0F1 ATP synthase subunit alpha,3.A.2.1
WP_020335243.1,"ATPF1A, atpA; F-type H+/Na+-transporting ATPase subunit alpha [EC:7.1.2.2 7.2.2.1]",,,,F0F1 ATP synthase subunit alpha,3.A.2.1
WP_014233412.1,"ATPF1B, atpD; F-type H+/Na+-transporting ATPase subunit beta [EC:7.1.2.2 7.2.2.1]",,"F-type ATPases have 2 components, CF(1) - the catalytic core - and CF(0) - the membrane proton channel. CF(1) has five subunits: alpha(3), beta(3), gamma(1), delta(1), epsilon(1). CF(0) has three main subunits: a(1), b(2) and c(9-12). The alpha and beta chains form an alternating ring which encloses part of the gamma chain. CF(1) is attached to CF(0) by a central stalk formed by the gamma and epsilon chains, while a peripheral stalk is formed by the delta and b chains.",atpD,F0F1 ATP synthase subunit beta,3.A.2.1
WP_020335249.1,"ATPF1B, atpD; F-type H+/Na+-transporting ATPase subunit beta [EC:7.1.2.2 7.2.2.1]",,,,F0F1 ATP synthase subunit beta,3.A.2.1
WP_020333565.1,"ATPF1D, atpH; F-type H+-transporting ATPase subunit delta",,"F-type ATPases have 2 components, F(1) - the catalytic core - and F(0) - the membrane proton channel. F(1) has five subunits: alpha(3), beta(3), gamma(1), delta(1), epsilon(1). F(0) has three main subunits: a(1), b(2) and c(10-14). The alpha and beta chains form an alternating ring which encloses part of the gamma chain. F(1) is attached to F(0) by a central stalk formed by the gamma and epsilon chains, while a peripheral stalk is formed by the delta and b chains. {ECO:0000255|HAMAP-Rule:MF_01416, ECO:0000269|PubMed:16079137}.",atpH,F0F1 ATP synthase subunit delta,3.A.2.1
WP_014233411.1,"ATPF1E, atpC; F-type H+-transporting ATPase subunit epsilon","F-type ATPases have 2 components, CF(1) - the catalytic core- and CF(0) - the membrane proton channel. CF(1) has five subunits:alpha(3), beta(3), gamma(1), delta(1), epsilon(1). CF(0) has three mainsubunits: a, b and c. {ECO:0000256|HAMAP-Rule:MF_00530}.","F-type ATPases have 2 components, CF(1) - the catalytic core - and CF(0) - the membrane proton channel. CF(1) has five subunits: alpha(3), beta(3), gamma(1), delta(1), epsilon(1). CF(0) has three main subunits: a, b and c. {ECO:0000269|PubMed:16079137}.",atpC,F0F1 ATP synthase subunit epsilon,3.A.2.1
WP_020335248.1,"ATPF1E, atpC; F-type H+-transporting ATPase subunit epsilon",,,,F0F1 ATP synthase subunit epsilon,3.A.2.1
WP_014233413.1,"ATPF1G, atpG; F-type H+-transporting ATPase subunit gamma","F-type ATPases have 2 components, CF(1) - the catalytic core- and CF(0) - the membrane proton channel. CF(1) has five subunits:alpha(3), beta(3), gamma(1), delta(1), epsilon(1). CF(0) has three mainsubunits: a, b and c. {ECO:0000256|HAMAP-Rule:MF_00815}.","F-type ATPases have 2 components, CF(1) - the catalytic core - and CF(0) - the membrane proton channel. CF(1) has five subunits: alpha(3), beta(3), gamma(1), delta(1), epsilon(1). CF(0) has three main subunits: a, b and c. {ECO:0000269|PubMed:16079137}.",atpG,F0F1 ATP synthase subunit gamma,3.A.2.1
WP_020335242.1,"ATPF1G, atpG; F-type H+-transporting ATPase subunit gamma",,,,F0F1 ATP synthase subunit gamma,3.A.2.1
WP_020333332.1,"copA, ctpA, ATP7; P-type Cu+ transporter [EC:7.2.2.8]",,"Copper-exporting P-type ATPase interacts with apo-periplasmic copper chaperone CusF; when CusF is precharged with copper it binds very little CopA. The periplasmic loops of CopA, especially the first half of loop 1, play a large role in binding to CusF (PubMed:24917681). {ECO:0000269|PubMed:24917681}.",copA,heavy metal translocating P-type ATPase,3.A.3.5
WP_020333284.1,copB; P-type Cu2+ transporter [EC:7.2.2.9],,,ccoI,heavy metal translocating P-type ATPase metal-binding domain-containing protein,3.A.3.5
WP_020336312.1,feoB; ferrous iron transport protein B,,"The isolated N-terminal domain (residues 1-274) forms trimers (PubMed:19629046, PubMed:25374115, Ref.10). {ECO:0000269|PubMed:19629046, ECO:0000269|PubMed:25374115, ECO:0000269|Ref.10}.",feoB,Fe(2+) transporter permease subunit FeoB,9.A.8.1
WP_014233234.1,mgtC; putative Mg2+ transporter-C (MgtC) family protein,,,,MgtC/SapB family protein,9.B.20
WP_020332958.1,"STAR2, fetB; UDP-glucose/iron transport system permease protein",,,,ABC transporter permease,9.B.25.1
WP_014232517.1,K01989; putative tryptophan/tyrosine transport system substrate-binding protein,,,,ABC transporter substrate-binding protein,
WP_020333652.1,K01989; putative tryptophan/tyrosine transport system substrate-binding protein,,,,ABC transporter substrate-binding protein,
WP_020335661.1,K05832; putative tryptophan/tyrosine transport system permease protein,,,,ABC transporter permease,
WP_020335660.1,K05833; putative tryptophan/tyrosine transport system ATP-binding protein,,,,ABC transporter ATP-binding protein,
WP_024373025.1,"TC.LIVCS; branched-chain amino acid:cation transporter, LIVCS family",,,,branched-chain amino acid transport system II carrier protein,
WP_020334840.1,"UMF2; MFS transporter, UMF2 family, putative MFS family transporter protein",,,,MFS transporter,
WP_020336406.1,"aapM, bztC; general L-amino acid transport system permease protein",,,,amino acid ABC transporter permease,
WP_014232776.1,abgT; aminobenzoyl-glutamate transport protein,,,,AbgT family transporter,
WP_014230991.1,abgT; aminobenzoyl-glutamate transport protein,,,abgT,AbgT family transporter,
WP_020334836.1,fdhC; formate transporter,,,,formate/nitrite transporter family protein,
WP_024373039.1,fecB; ferric citrate transport system substrate-binding protein,,,,Fe(3+) dicitrate ABC transporter substrate-binding protein,
WP_020334994.1,fecB; ferric citrate transport system substrate-binding protein,,,,Fe(3+)-dicitrate ABC transporter substrate-binding protein FecB,
WP_014231158.1,feoA; ferrous iron transport protein A,,Monomer. {ECO:0000269|PubMed:23104801}.,feoA,FeoA family protein,
WP_014231160.1,feoC; putative ferrous iron transport protein C,,,VV1042,FeoC-like transcriptional regulator,
WP_020334261.1,"lapC; membrane fusion protein, adhesin transport system",,,,HlyD family type I secretion periplasmic adaptor subunit,
WP_020335178.1,linN; cholesterol transport system auxiliary component,,,,hypothetical protein,
WP_020332919.1,mdcF; malonate transporter and related proteins,,,,AEC family transporter,
WP_020334237.1,mdcF; malonate transporter and related proteins,,,,AEC family transporter,
WP_020333852.1,mdcF; malonate transporter and related proteins,,,,AEC family transporter,
WP_020335262.1,modF; molybdate transport system ATP-binding protein,,,,molybdate ABC transporter ATP-binding protein ModF,
WP_014232794.1,nqrA; Na+-transporting NADH:ubiquinone oxidoreductase subunit A [EC:7.2.1.1],"Composed of six subunits; NqrA, NqrB, NqrC, NqrD, NqrE andNqrF. {ECO:0000256|HAMAP-Rule:MF_00425}.",,nqrA,Na(+)-translocating NADH-quinone reductase subunit A,
WP_014232793.1,nqrB; Na+-transporting NADH:ubiquinone oxidoreductase subunit B [EC:7.2.1.1],"Composed of six subunits; NqrA, NqrB, NqrC, NqrD, NqrE andNqrF. {ECO:0000256|HAMAP-Rule:MF_00426}.",,nqrB,NADH:ubiquinone reductase (Na(+)-transporting) subunit B,
WP_020335166.1,nqrC; Na+-transporting NADH:ubiquinone oxidoreductase subunit C [EC:7.2.1.1],"Composed of six subunits; NqrA, NqrB, NqrC, NqrD, NqrE andNqrF. {ECO:0000256|HAMAP-Rule:MF_00427}.",,nqrC,Na(+)-translocating NADH-quinone reductase subunit C,
WP_014232791.1,nqrD; Na+-transporting NADH:ubiquinone oxidoreductase subunit D [EC:7.2.1.1],"Composed of six subunits; NqrA, NqrB, NqrC, NqrD, NqrE andNqrF. {ECO:0000256|HAMAP-Rule:MF_00428}.",,nqrD,NADH:ubiquinone reductase (Na(+)-transporting) subunit D,
WP_014232790.1,nqrE; Na+-transporting NADH:ubiquinone oxidoreductase subunit E [EC:7.2.1.1],"Composed of six subunits; NqrA, NqrB, NqrC, NqrD, NqrE andNqrF. {ECO:0000256|HAMAP-Rule:MF_00429}.",,nqrE,NADH:ubiquinone reductase (Na(+)-transporting) subunit E,
WP_014232789.1,nqrF; Na+-transporting NADH:ubiquinone oxidoreductase subunit F [EC:7.2.1.1],"Composed of six subunits; NqrA, NqrB, NqrC, NqrD, NqrE andNqrF. {ECO:0000256|HAMAP-Rule:MF_00430}.",,nqrF,NADH:ubiquinone reductase (Na(+)-transporting) subunit F,
WP_020334427.1,"opuD, betL; glycine betaine transporter",,,,BCCT family transporter,
WP_020336001.1,"opuD, betL; glycine betaine transporter",,,,BCCT family transporter,
WP_014234080.1,"oxlT; MFS transporter, OFA family, oxalate/formate antiporter",,,,OFA family MFS transporter,
WP_014230913.1,phoU; phosphate transport system protein,,Homodimer. {ECO:0000250}.,phoU,phosphate signaling complex protein PhoU,
WP_014232344.1,"tyrR; transcriptional regulator of aroF, aroG, tyrA and aromatic amino acid transport",,"Homodimer (PubMed:11923293, PubMed:8106498, PubMed:8176727, PubMed:8947567). In presence of tyrosine (or high concentrations of phenylalanine or tryptophan) and ATP, it self-associates to form an hexamer (PubMed:11923293, PubMed:8176727, PubMed:8947567). At low tyrosine concentrations, homodimers can bind to certain recognition sequences referred to as 'strong TyrR boxes' (PubMed:8176727). Homohexamers are the active repressing species, interacting with two or three tyrR boxes in the targeted regulatory DNA, including 'strong TyrR boxes' and lower-affinity sites called 'weak TyrR boxes' (PubMed:8176727). {ECO:0000269|PubMed:11923293, ECO:0000269|PubMed:8106498, ECO:0000269|PubMed:8176727, ECO:0000269|PubMed:8947567}.",tyrR,transcriptional regulator TyrR,
WP_020336445.1,"xylE; MFS transporter, SP family, xylose:H+ symportor",,,,sugar porter family MFS transporter,
WP_020334445.1,"ydhP; MFS transporter, DHA1 family, inner membrane transport protein",,,,MFS transporter,
WP_014233351.1,yhhQ; queuosine precursor transporter,,,yhhQ,7-cyano-7-deazaguanine/7-aminomethyl-7-deazaguanine transporter,
WP_020334809.1,yiaM; TRAP-type transport system small permease protein,,,,TRAP transporter small permease subunit,
WP_020333116.1,"ynfM, yybF; MFS transporter, YNFM family, putative membrane transport protein",,,,MFS transporter,
WP_020332981.1,ynjB; putative thiamine transport system substrate-binding protein,,,,ABC transporter substrate-binding protein,
WP_020332980.1,ynjC; putative thiamine transport system permease protein,,,,thiamine ABC transporter permease,
WP_020332979.1,ynjD; putative thiamine transport system ATP-binding protein,,,,ATP-binding cassette domain-containing protein,
