Gene,Type,Mechanism,Substrates,TCDB
PN96_RS07510,AAE,,aspartate:alanine antiporter,2.A.81
PN96_RS00500,ABC,binding,daunorubicin,3.A.1
PN96_RS00525,ABC,binding,glycine betaine,3.A.1
PN96_RS00530,ABC,membrane,toluene tolerance,3.A.1
PN96_RS00535,ABC,binding protein,toluene tolerance,3.A.1
PN96_RS00540,ABC,binding,toluene tolerance,3.A.1
PN96_RS00855,ABC,binding,phosphonate,3.A.1
PN96_RS01400,ABC,binding,daunorubicin,3.A.1
PN96_RS01405,ABC,membrane,polysaccharide export,3.A.1
PN96_RS01495,ABC,binding,2-aminoethylphosphonate,3.A.1
PN96_RS01500,ABC,membrane,iron(III),3.A.1
PN96_RS01505,ABC,binding,polyamine,3.A.1
PN96_RS01535,ABC,binding,phosphate,3.A.1
PN96_RS01540,ABC,binding,glycine betaine,3.A.1
PN96_RS01545,ABC,membrane,dipeptide/oligopeptide,3.A.1
PN96_RS01550,ABC,membrane,dipeptide/oligopeptide,3.A.1
PN96_RS01555,ABC,binding protein,dipeptide/oligopeptide,3.A.1
PN96_RS01880,ABC,binding,heme,3.A.1
PN96_RS02770,ABC,binding,heme,3.A.1
PN96_RS02775,ABC,membrane,heme export,3.A.1
PN96_RS02780,ABC,membrane,heme export,3.A.1
PN96_RS02945,ABC,binding protein,dipeptide/oligopeptide,3.A.1
PN96_RS03135,ABC,binding,phosphate,3.A.1
PN96_RS03140,ABC,membrane,amino aicd (glutamine/glutamate/aspartate),3.A.1
PN96_RS03145,ABC,binding protein,amino acid (glutamine/glutamate/aspartate),3.A.1
PN96_RS03160,ABC,binding,phosphonate,3.A.1
PN96_RS03165,ABC,membrane,cobalamin/Fe3+-siderophores,3.A.1
PN96_RS03170,ABC,membrane,cobalamin/Fe3+-siderophores,3.A.1
PN96_RS03180,ABC,binding,iron-hydroxamate,3.A.1
PN96_RS03375,ABC,binding protein,oligopeptide,3.A.1
PN96_RS03380,ABC,membrane,dipeptide/oligopeptide,3.A.1
PN96_RS03385,ABC,membrane,dipeptide/oligopeptide,3.A.1
PN96_RS03390,ABC,binding,glycine betaine,3.A.1
PN96_RS03395,ABC,binding,glycine betaine,3.A.1
PN96_RS03430,ABC,membrane,unknown substrate,3.A.1
PN96_RS03435,ABC,binding,phosphonate,3.A.1
PN96_RS03695,ABC,binding protein,dipeptide/oligopeptide,3.A.1
PN96_RS03765,ABC,binding,phosphonates,3.A.1
PN96_RS04740,ABC,binding,phosphonates,3.A.1
PN96_RS05010,ABC,binding protein,amino acid (glutamine/glutamate/aspartate),3.A.1
PN96_RS05015,ABC,membrane,amino acid,3.A.1
PN96_RS05020,ABC,membrane,amino aicd (glutamine/glutamate/aspartate),3.A.1
PN96_RS05025,ABC,binding,phosphate,3.A.1
PN96_RS05280,ABC,binding,glycine betaine,3.A.1
PN96_RS05285,ABC,membrane,glycine betaine/L-proline,3.A.1
PN96_RS05290,ABC,binding,glycine betaine,3.A.1
PN96_RS05315,ABC,membrane,multidrug,3.A.1
PN96_RS05320,ABC,membrane,multidrug,3.A.1
PN96_RS05575,ABC,binding,phosphate,3.A.1
PN96_RS05580,ABC,membrane,amino aicd (glutamine/glutamate/aspartate),3.A.1
PN96_RS05585,ABC,membrane,amino acid,3.A.1
PN96_RS05590,ABC,binding protein,amino acid (glutamine/glutamate/aspartate),3.A.1
PN96_RS05645,ABC,binding,lipid A,3.A.1
PN96_RS05705,ABC,binding,heme,3.A.1
PN96_RS05880,ABC,binding,polyamine,3.A.1
PN96_RS05885,ABC,membrane,spermidine/putrescine,3.A.1
PN96_RS05890,ABC,membrane,spermidine/putrescine,3.A.1
PN96_RS05895,ABC,binding protein,spermidine/putrescine,3.A.1
PN96_RS05900,ABC,binding protein,spermidine/putrescine,3.A.1
PN96_RS05980,ABC,binding,heme,3.A.1
PN96_RS06000,ABC,membrane,tungsten,3.A.1
PN96_RS06005,ABC,binding,heme,3.A.1
PN96_RS06190,ABC,membrane,multidrug,3.A.1
PN96_RS06195,ABC,binding,lipid A,3.A.1
PN96_RS06285,ABC,binding,sulfate,3.A.1
PN96_RS06290,ABC,binding,daunorubicin,3.A.1
PN96_RS06295,ABC,membrane,branched-chain amino acid,3.A.1
PN96_RS06300,ABC,membrane,branched-chain amino acid,3.A.1
PN96_RS06305,ABC,binding,urea,3.A.1
PN96_RS06650,ABC,binding,xylose,3.A.1
PN96_RS06655,ABC,membrane,sugar (ribose),3.A.1
PN96_RS06660,ABC,membrane,sugar (ribose),3.A.1
PN96_RS06665,ABC,ABC,sugar (ribose),3.A.1
PN96_RS06790,ABC,binding,iron-hydroxamate,3.A.1
PN96_RS06795,ABC,membrane,cobalamin/Fe3+-siderophores,3.A.1
PN96_RS06800,ABC,binding,phosphonate,3.A.1
PN96_RS06890,ABC,binding,molybdate,3.A.1
PN96_RS06895,ABC,membrane,Vitamin B12,3.A.1
PN96_RS07430,ABC,binding,lipid A,3.A.1
PN96_RS07435,ABC,binding,lipid A,3.A.1
PN96_RS07540,ABC,membrane,efflux (antimicrobial peptide),3.A.1
PN96_RS07545,ABC,binding,lipoprotein,3.A.1
PN96_RS07650,ABC,binding protein,spermidine/putrescine,3.A.1
PN96_RS07655,ABC,membrane,unknown substrate,3.A.1
PN96_RS07660,ABC,binding,sulfate,3.A.1
PN96_RS07755,ABC,binding protein,dipeptide/oligopeptide,3.A.1
PN96_RS07760,ABC,membrane,antimicrobial peptide uptake,3.A.1
PN96_RS07765,ABC,membrane,antimicrobial peptide uptake,3.A.1
PN96_RS07770,ABC,binding,phosphonate,3.A.1
PN96_RS07775,ABC,binding,glycine betaine,3.A.1
PN96_RS07815,ABC,membrane,unknown substrate,3.A.1
PN96_RS08530,ABC,membrane,amino acid (lysine/arginine/ornithine/histidine/octopine),3.A.1
PN96_RS08535,ABC,membrane,amino acid (lysine/arginine/ornithine/histidine/octopine),3.A.1
PN96_RS08540,ABC,binding protein,amino acid (glutamine/glutamate/aspartate),3.A.1
PN96_RS08545,ABC,binding,phosphate,3.A.1
PN96_RS08615,ABC,binding,lipid A,3.A.1
PN96_RS08630,ABC,membrane,lipoprotein releasing,3.A.1
PN96_RS08635,ABC,binding,lipoprotein,3.A.1
PN96_RS08640,ABC,membrane,lipoprotein releasing,3.A.1
PN96_RS08720,ABC,binding,glycine betaine,3.A.1
PN96_RS08755,ABC,membrane,spermidine/putrescine,3.A.1
PN96_RS08760,ABC,membrane,spermidine/putrescine,3.A.1
PN96_RS08765,ABC,binding,polyamine,3.A.1
PN96_RS08770,ABC,binding protein,spermidine/putrescine,3.A.1
PN96_RS09130,ABC,binding,polyamine,3.A.1
PN96_RS09135,ABC,membrane,sugar,3.A.1
PN96_RS09140,ABC,membrane,sugar,3.A.1
PN96_RS09145,ABC,binding protein,sugar,3.A.1
PN96_RS09365,ABC,binding,zinc,3.A.1
PN96_RS09370,ABC,binding,daunorubicin,3.A.1
PN96_RS09375,ABC,membrane,manganese/zinc ion,3.A.1
PN96_RS10120,ABC,binding,D-methionine,3.A.1
PN96_RS10125,ABC,membrane,D-methionine,3.A.1
PN96_RS10130,ABC,binding,methionine,3.A.1
PN96_RS10575,ABC,binding,glycine betaine,3.A.1
PN96_RS10760,ABC,binding,phosphate,3.A.1
PN96_RS10765,ABC,membrane,phosphate,3.A.1
PN96_RS10770,ABC,membrane,phosphate,3.A.1
PN96_RS10885,ABC,binding,nitrate,3.A.1
PN96_RS10890,ABC,membrane,nitrate/sulfonate/taurine,3.A.1
PN96_RS10920,ABC,binding protein,amino acid,3.A.1
PN96_RS10950,ABC,binding,heme,3.A.1
PN96_RS11280,ABC,binding,iron-hydroxamate,3.A.1
PN96_RS11635,ABC,binding,methionine,3.A.1
PN96_RS11880,ABC,binding,thiamine,3.A.1
PN96_RS11885,ABC,membrane,iron(III),3.A.1
PN96_RS11890,ABC,binding,thiamin,3.A.1
PN96_RS11955,ABC,binding,lipoprotein,3.A.1
PN96_RS11960,ABC,membrane,lipoprotein releasing,3.A.1
PN96_RS12365,ABC,membrane,polysaccharide export,3.A.1
PN96_RS12465,ABC,binding,daunorubicin,3.A.1
PN96_RS12670,ABC,binding,glycine betaine,3.A.1
PN96_RS12675,ABC,binding,D-methionine,3.A.1
PN96_RS12680,ABC,binding protein,dipeptide/oligopeptide,3.A.1
PN96_RS12685,ABC,membrane,dipeptide/oligopeptide,3.A.1
PN96_RS12690,ABC,membrane,dipeptide/oligopeptide,3.A.1
PN96_RS13075,ABC,binding,lipid A,3.A.1
PN96_RS13080,ABC,binding,lipid A,3.A.1
PN96_RS13260,ABC,membrane,dipeptide/oligopeptide,3.A.1
PN96_RS13265,ABC,membrane,dipeptide/oligopeptide,3.A.1
PN96_RS13270,ABC,binding protein,dipeptide/oligopeptide,3.A.1
PN96_RS13275,ABC,binding,glycine betaine,3.A.1
PN96_RS13500,ABC,binding protein,amino acid (glutamine/glutamate/aspartate),3.A.1
PN96_RS13505,ABC,membrane,amino aicd (glutamine/glutamate/aspartate),3.A.1
PN96_RS13510,ABC,binding,phosphate,3.A.1
PN96_RS13615,ABC,membrane,amino aicd (glutamine/glutamate/aspartate),3.A.1
PN96_RS13620,ABC,binding protein,amino acid (glutamine/glutamate/aspartate),3.A.1
PN96_RS14190,ABC,binding,lipoprotein,3.A.1
PN96_RS14195,ABC,membrane,cell division,3.A.1
PN96_RS14865,ABC,ABC,unknown substrate,3.A.1
PN96_RS15185,ABC,binding,polyamine,3.A.1
PN96_RS15315,ABC,binding,lipid A,3.A.1
PN96_RS15325,ABC,binding,phosphonate,3.A.1
PN96_RS15330,ABC,binding,iron-hydroxamate,3.A.1
PN96_RS15335,ABC,membrane,cobalamin/Fe3+-siderophores,3.A.1
PN96_RS15350,ABC,membrane,protease secretion,3.A.1
PN96_RS15405,ABC,binding,phosphate,3.A.1
PN96_RS15410,ABC,membrane,phosphate,3.A.1
PN96_RS15415,ABC,membrane,phosphate,3.A.1
PN96_RS15420,ABC,binding protein,phosphate,3.A.1
PN96_RS15490,ABC,membrane,unknown substrate,3.A.1
PN96_RS15605,ABC,binding protein,amino acid (glutamine/glutamate/aspartate),3.A.1
PN96_RS15850,ABC,binding,thiamine,3.A.1
PN96_RS15930,ABC,binding,iron-hydroxamate,3.A.1
PN96_RS15935,ABC,membrane,iron compound,3.A.1
PN96_RS15940,ABC,membrane,iron compound,3.A.1
PN96_RS15945,ABC,binding,phosphonate,3.A.1
PN96_RS16180,ABC,binding,glycine betaine,3.A.1
PN96_RS16185,ABC,membrane,dipeptide/oligopeptide,3.A.1
PN96_RS16190,ABC,membrane,dipeptide/oligopeptide,3.A.1
PN96_RS16195,ABC,binding protein,dipeptide/oligopeptide,3.A.1
PN96_RS16220,ABC,binding,iron-hydroxamate,3.A.1
PN96_RS16235,ABC,membrane,sugar (ribose),3.A.1
PN96_RS16240,ABC,ABC,sugar (ribose),3.A.1
PN96_RS16245,ABC,binding,ribose,3.A.1
PN96_RS16290,ABC,membrane,nitrate/sulfonate/taurine,3.A.1
PN96_RS16295,ABC,binding,nitrate,3.A.1
PN96_RS16300,ABC,binding,glycine betaine,3.A.1
PN96_RS16325,ABC,binding,lipoprotein,3.A.1
PN96_RS16330,ABC,membrane,lipoprotein releasing,3.A.1
PN96_RS16450,ABC,membrane,toxin secretion,3.A.1
PN96_RS16460,ABC,binding protein,oligopeptide,3.A.1
PN96_RS16500,ABC,binding,glycine betaine,3.A.1
PN96_RS16505,ABC,binding,glycine betaine,3.A.1
PN96_RS16530,ABC,binding,lipoprotein,3.A.1
PN96_RS16535,ABC,membrane,lipoprotein releasing,3.A.1
PN96_RS16580,ABC,binding,daunorubicin,3.A.1
PN96_RS16905,ABC,binding protein,nitrate/sulfonate/taurine,3.A.1
PN96_RS16910,ABC,membrane,nitrate/sulfonate/taurine,3.A.1
PN96_RS16915,ABC,binding,glycine betaine,3.A.1
PN96_RS17225,ABC,binding,leucine/valine,3.A.1
PN96_RS17230,ABC,membrane,branched-chain amino acid,3.A.1
PN96_RS17275,ABC,binding,lipoprotein,3.A.1
PN96_RS17315,ABC,binding,2-aminoethylphosphonate,3.A.1
PN96_RS17325,ABC,binding,polyamine,3.A.1
PN96_RS17330,ABC,membrane,iron(III),3.A.1
PN96_RS17615,ABC,binding,polyamine,3.A.1
PN96_RS17620,ABC,membrane,spermidine/putrescine,3.A.1
PN96_RS17625,ABC,membrane,unknown substrate,3.A.1
PN96_RS17675,ABC,binding protein,spermidine/putrescine,3.A.1
PN96_RS17790,ABC,binding protein,amino acid (glutamine/glutamate/aspartate),3.A.1
PN96_RS18425,ABC,binding,phosphonates,3.A.1
PN96_RS18695,ABC,binding,phosphonates,3.A.1
PN96_RS18805,ABC,binding,iron-hydroxamate,3.A.1
PN96_RS18870,ABC,membrane,toxin secretion,3.A.1
PN96_RS18875,ABC,membrane,toxin secretion,3.A.1
PN96_RS19160,ABC,binding,sulfate,3.A.1
PN96_RS19170,ABC,membrane,branched-chain amino acid,3.A.1
PN96_RS19175,ABC,membrane,branched-chain amino acid,3.A.1
PN96_RS19180,ABC,binding,urea,3.A.1
PN96_RS19185,ABC,binding,phosphonate,3.A.1
PN96_RS19230,ABC,binding protein,amino acid (glutamine/glutamate/aspartate),3.A.1
PN96_RS19235,ABC,membrane,amino acid (lysine/arginine/ornithine/histidine/octopine),3.A.1
PN96_RS19240,ABC,membrane,amino acid (lysine/arginine/ornithine/histidine/octopine),3.A.1
PN96_RS19360,ABC,binding,choline,3.A.1
PN96_RS19365,ABC,membrane,glycine betaine/L-proline,3.A.1
PN96_RS19370,ABC,binding,glycine betaine,3.A.1
PN96_RS19520,ABC,binding,mobybdenate,3.A.1
PN96_RS19525,ABC,membrane,molybdate,3.A.1
PN96_RS19530,ABC,binding,molybdate,3.A.1
PN96_RS19795,ABC,binding protein,amino acid (glutamine/glutamate/aspartate),3.A.1
PN96_RS19955,ABC,ABC,sugar (ribose),3.A.1
PN96_RS19960,ABC,membrane,sugar (ribose),3.A.1
PN96_RS19965,ABC,binding,ribose,3.A.1
PN96_RS20015,ABC,binding,TMAO inducer,3.A.1
PN96_RS20310,ABC,binding protein,amino acid (glutamine/glutamate/aspartate),3.A.1
PN96_RS20315,ABC,membrane,amino aicd (glutamine/glutamate/aspartate),3.A.1
PN96_RS20320,ABC,membrane,amino aicd (glutamine/glutamate/aspartate),3.A.1
PN96_RS20325,ABC,binding,phosphate,3.A.1
PN96_RS20330,ABC,binding protein,dipeptide/oligopeptide,3.A.1
PN96_RS20335,ABC,membrane,dipeptide/oligopeptide,3.A.1
PN96_RS20340,ABC,membrane,dipeptide/oligopeptide,3.A.1
PN96_RS20345,ABC,binding,lipoprotein,3.A.1
PN96_RS20775,ABC,binding,mobybdenate,3.A.1
PN96_RS20780,ABC,membrane,molybdate,3.A.1
PN96_RS20785,ABC,binding,molybdate,3.A.1
PN96_RS20935,ABC,membrane,unknown substrate,3.A.1
PN96_RS20940,ABC,binding,lipoprotein,3.A.1
PN96_RS21160,ABC,binding,phosphate,3.A.1
PN96_RS21165,ABC,membrane,amino aicd (glutamine/glutamate/aspartate),3.A.1
PN96_RS21170,ABC,binding protein,amino acid (glutamine/glutamate/aspartate),3.A.1
PN96_RS21175,ABC,membrane,amino aicd (glutamine/glutamate/aspartate),3.A.1
PN96_RS21305,ABC,binding protein,amino acid (glutamine/glutamate/aspartate),3.A.1
PN96_RS21600,ABC,membrane,amino acid (lysine/arginine/ornithine/histidine/octopine),3.A.1
PN96_RS21605,ABC,membrane,amino acid (lysine/arginine/ornithine/histidine/octopine),3.A.1
PN96_RS21610,ABC,binding protein,amino acid (glutamine/glutamate/aspartate),3.A.1
PN96_RS21615,ABC,binding,phosphonate,3.A.1
PN96_RS22250,ABC,binding protein,toluene tolerance,3.A.1
PN96_RS22255,ABC,binding,glycine betaine,3.A.1
PN96_RS22260,ABC,membrane,toluene tolerance,3.A.1
PN96_RS22720,ABC,binding,daunorubicin,3.A.1
PN96_RS22855,ABC,binding,lipoprotein,3.A.1
PN96_RS22860,ABC,membrane,lipoprotein releasing,3.A.1
PN96_RS22865,ABC,membrane,lipoprotein releasing,3.A.1
PN96_RS23095,ABC,binding,daunorubicin,3.A.1
PN96_RS23100,ABC,membrane,multidrug,3.A.1
PN96_RS23245,ABC,membrane,multidrug,3.A.1
PN96_RS23430,ABC,membrane,multidrug,3.A.1
PN96_RS23635,ABC,membrane,sugar (maltose),3.A.1
PN96_RS23640,ABC,membrane,sugar,3.A.1
PN96_RS23645,ABC,binding protein,sugar (maltose),3.A.1
PN96_RS24210,ABC,membrane,CydC/CydD homolog,3.A.1
PN96_RS24340,ABC,binding,phosphonate,3.A.1
PN96_RS24345,ABC,binding,molybdate,3.A.1
PN96_RS02245,AbgT,,aminobenzoyl-glutamate,2.A.68
PN96_RS10345,AbgT,,aminobenzoyl-glutamate,2.A.68
PN96_RS23080,ACR3,,arsenite,2.A.59
PN96_RS07230,AEC,,unknown substrate,2.A.69
PN96_RS08075,AEC,,unknown substrate,2.A.69
PN96_RS18755,AEC,,unknown substrate,2.A.69
PN96_RS19705,AEC,,unknown substrate,2.A.69
PN96_RS05210,AGCS,,sodium ion:alanine symporter,2.A.25
PN96_RS10530,AGCS,,sodium ion:alanine symporter,2.A.25
PN96_RS11165,AGCS,,sodium ion:alanine symporter,2.A.25
PN96_RS21595,AGCS,,sodium ion:alanine symporter,2.A.25
PN96_RS01575,AI-2E,,Autoinducer-2 export,2.A.86
PN96_RS02510,AI-2E,,Autoinducer-2 export,2.A.86
PN96_RS15710,AI-2E,,Autoinducer-2 export,2.A.86
PN96_RS22205,AI-2E,,Autoinducer-2 export,2.A.86
PN96_RS01490,Amt,,ammonium,1.A.11
PN96_RS05910,Amt,,ammonium,1.A.11
PN96_RS16060,APC,,amino acid,2.A.3
PN96_RS17470,APC,,ethanolamine,2.A.3
PN96_RS18150,APC,,amino acid,2.A.3
PN96_RS21655,APC,,arginine:ornithine antiporter,2.A.3
PN96_RS21990,APC,,amino acid,2.A.3
PN96_RS22035,APC,,amino acid,2.A.3
PN96_RS05175,ArAE,,fusaric acid efflux,2.A.85
PN96_RS15685,ArAE,,fusaric acid efflux,2.A.85
PN96_RS19275,ArAE,,fusaric acid efflux,2.A.85
PN96_RS20000,ArAE,,fusaric acid efflux,2.A.85
PN96_RS22275,ArAE,,fusaric acid efflux,2.A.85
PN96_RS12335,ArsAB,,arsenite (ArsA),3.A.4
PN96_RS00660,BASS,,sodium ion/,2.A.28
PN96_RS04220,BCCT,,glycine betaine/carnitine/choline,2.A.15
PN96_RS06115,BCCT,,glycine betaine/carnitine/choline,2.A.15
PN96_RS15305,BCCT,,glycine betaine/carnitine/choline,2.A.15
PN96_RS17645,BCCT,,glycine betaine/carnitine/choline,2.A.15
PN96_RS21680,BCCT,,glycine betaine/carnitine/choline,2.A.15
PN96_RS22655,BCCT,,glycine betaine/carnitine/choline,2.A.15
PN96_RS23610,BCCT,,glycine betaine/carnitine/choline,2.A.15
PN96_RS08095,BenE,,benzoate,2.A.46
PN96_RS00520,CaCA,,sodium ion:calcium ion antiporter,2.A.19
PN96_RS14505,CDF,,cation efflux,2.A.4
PN96_RS18050,CDF,,cation efflux,2.A.4
PN96_RS22810,CDF,,cation efflux,2.A.4
PN96_RS01930,CHR,,chromate ion,2.A.51
PN96_RS06370,CHR,,chromate ion,2.A.51
PN96_RS06375,CHR,,chromate ion,2.A.51
PN96_RS18465,ClC,,chloride ion channel,2.A.49
PN96_RS01765,CNT,,sodium ion:nucleoside symporter,2.A.41
PN96_RS09245,CNT,,sodium ion:nucleoside symporter,2.A.41
PN96_RS17150,CNT,,sodium ion:nucleoside symporter,2.A.41
PN96_RS00260,CPA1,,sodium ion:proton antiporter,2.A.36
PN96_RS13020,CPA1,,sodium ion:proton antiporter,2.A.36
PN96_RS14455,CPA1,,sodium ion:proton antiporter,2.A.36
PN96_RS23255,CPA1,,sodium ion:proton antiporter,2.A.36
PN96_RS09490,CPA2,,potassium/sodium ion:proton antiporter,2.A.37
PN96_RS14875,CPA2,,potassium/sodium ion:proton antiporter,2.A.37
PN96_RS17395,CPA2,,potassium/sodium ion:proton antiporter,2.A.37
PN96_RS22395,CPA2,,potassium/sodium ion:proton antiporter,2.A.37
PN96_RS23175,CPA2,,potassium/sodium ion:proton antiporter,2.A.37
PN96_RS21845,CPA3,MnhG,multicomponent sodium ion:proton antiporter,2.A.63
PN96_RS21850,CPA3,MnhF,multicomponent sodium ion:proton antiporter,2.A.63
PN96_RS21855,CPA3,MnhE,multicomponent sodium ion:proton antiporter,2.A.63
PN96_RS21860,CPA3,MnhD,multicomponent sodium ion:proton antiporter,2.A.63
PN96_RS21865,CPA3,MnhC,multicomponent sodium ion:proton antiporter,2.A.63
PN96_RS21870,CPA3,MnhA,multicomponent sodium ion:proton antiporter,2.A.63
PN96_RS03935,DAACS,,proton/sodium ion:glutamate/aspartate symporter,2.A.23
PN96_RS06940,DAACS,,proton/sodium ion:glutamate/aspartate symporter,2.A.23
PN96_RS10385,DAACS,,proton/sodium ion:glutamate/aspartate symporter,2.A.23
PN96_RS15775,DAACS,,proton/sodium ion:glutamate/aspartate symporter,2.A.23
PN96_RS15855,DAACS,,sodium ion:serine/threonine symporter,2.A.23
PN96_RS06240,DASS,,sodium ion:dicarboxylate/sulfate,2.A.47
PN96_RS07405,DASS,,sodium ion:dicarboxylate/sulfate,2.A.47
PN96_RS11980,DASS,,sodium ion:dicarboxylate/sulfate,2.A.47
PN96_RS12470,DASS,,sodium ion:dicarboxylate/sulfate,2.A.47
PN96_RS14645,DASS,,sodium ion:dicarboxylate/sulfate,2.A.47
PN96_RS20210,DASS,,sodium ion:dicarboxylate/sulfate,2.A.47
PN96_RS14470,Dcu,,C4-dicarboxylate,2.A.13
PN96_RS20625,Dcu,,C4-dicarboxylate,2.A.13
PN96_RS18635,DcuC,,C4-dicarboxylate,2.A.61
PN96_RS20115,DcuC,,C4-dicarboxylate,2.A.61
PN96_RS04770,DMT,,drug/metabolite,2.A.7
PN96_RS05105,DMT,,drug/metabolite,2.A.7
PN96_RS06640,DMT,RarD,chloramphenicol (RarD homolog),2.A.7
PN96_RS13060,DMT,,drug/metabolite,2.A.7
PN96_RS13190,DMT,,drug/metabolite,2.A.7
PN96_RS13935,DMT,,drug/metabolite,2.A.7
PN96_RS14640,DMT,,drug/metabolite,2.A.7
PN96_RS15675,DMT,DME,drug/metabolite,2.A.7
PN96_RS16005,DMT,SMR,multidrug efflux (SMR),2.A.7
PN96_RS17340,DMT,,drug/metabolite,2.A.7
PN96_RS17510,DMT,,drug/metabolite,2.A.7
PN96_RS17750,DMT,DME,drug/metabolite,2.A.7
PN96_RS18240,DMT,,drug/metabolite,2.A.7
PN96_RS18675,DMT,,drug/metabolite,2.A.7
PN96_RS19130,DMT,DME,drug/metabolite,2.A.7
PN96_RS19535,DMT,,drug/metabolite,2.A.7
PN96_RS19550,DMT,DME,drug/metabolite,2.A.7
PN96_RS19855,DMT,,drug/metabolite,2.A.7
PN96_RS19885,DMT,DME,drug/metabolite,2.A.7
PN96_RS20195,DMT,,drug/metabolite,2.A.7
PN96_RS21795,DMT,RarD,chloramphenicol (RarD homolog),2.A.7
PN96_RS22815,DMT,,drug/metabolite,2.A.7
PN96_RS23465,DMT,,drug/metabolite,2.A.7
PN96_RS08620,DNA-T,,unknown substrate,3.A.11
PN96_RS16570,ESS,,sodium ion:glutamate symporter,2.A.27
PN96_RS13565,F-ATPase,,protons,3.A.2
PN96_RS13570,F-ATPase,,protons,3.A.2
PN96_RS13575,F-ATPase,,protons,3.A.2
PN96_RS13580,F-ATPase,,protons,3.A.2
PN96_RS13585,F-ATPase,,protons,3.A.2
PN96_RS13590,F-ATPase,,protons,3.A.2
PN96_RS13595,F-ATPase,,protons,3.A.2
PN96_RS13600,F-ATPase,,protons,3.A.2
PN96_RS13605,F-ATPase,,protons,3.A.2
PN96_RS22610,F-ATPase,,protons,3.A.2
PN96_RS22615,F-ATPase,,protons,3.A.2
PN96_RS22620,F-ATPase,,protons,3.A.2
PN96_RS22625,F-ATPase,,protons,3.A.2
PN96_RS22640,F-ATPase,,protons,3.A.2
PN96_RS09350,FeoB,,ferrous ion,9.A.8
PN96_RS14755,FeoB,,ferrous ion,9.A.8
PN96_RS07820,FNT,,formate/nitrite,2.A.44
PN96_RS20605,FNT,,formate/nitrite,2.A.44
PN96_RS21060,FNT,,formate/nitrite,2.A.44
PN96_RS01470,GntP,,gluconate,2.A.8
PN96_RS13235,GntP,,gluconate,2.A.8
PN96_RS16855,GntP,,gluconate,2.A.8
PN96_RS19070,GntP,,gluconate,2.A.8
PN96_RS16280,GPH,,multidrug efflux,2.A.2
PN96_RS00475,GPTS,HPr,unknown substrate,4.A
PN96_RS09640,GPTS,HPr,unknown substrate,4.A
PN96_RS09645,GPTS,EnzymeI,unknown substrate,4.A
PN96_RS11080,GPTS,EnzymeI,unknown substrate,4.A
PN96_RS04285,HAAAP,,serine,2.A.42
PN96_RS06215,HAAAP,,aromatic amino acid,2.A.42
PN96_RS10995,HAAAP,,aromatic amino acid,2.A.42
PN96_RS15975,HAAAP,,aromatic amino acid,2.A.42
PN96_RS21315,HAAAP,,serine,2.A.42
PN96_RS23050,HAAAP,,tryptophan/tyrosine,2.A.42
PN96_RS00160,HCC,,hemolysin C (HlyC) homolog,9.A.40
PN96_RS01280,HCC,,heavy metal ion,9.A.40
PN96_RS09185,HCC,,hemolysin C (HlyC) homolog,9.A.40
PN96_RS02640,IIISP,,unknown substrate,3.A.6
PN96_RS02690,IIISP,,unknown substrate,3.A.6
PN96_RS02695,IIISP,,unknown substrate,3.A.6
PN96_RS02700,IIISP,,unknown substrate,3.A.6
PN96_RS02705,IIISP,,unknown substrate,3.A.6
PN96_RS02710,IIISP,,unknown substrate,3.A.6
PN96_RS00850,IISP,,signal recognition particle receptor alpha subunit (SR-alpha),3.A.5
PN96_RS01885,IVSP,,unknown substrate,3.A.7
PN96_RS13120,IVSP,,unknown substrate,3.A.7
PN96_RS15550,LctP,,L-lactate,2.A.14
PN96_RS20525,LIV-E,AzlC,branched-chain amino acid efflux (AzlC),2.A.78
PN96_RS22975,LIV-E,AzlC,branched-chain amino acid efflux (AzlC),2.A.78
PN96_RS11145,LIVCS,,branched-chain amino acid,2.A.26
PN96_RS17125,LIVCS,,branched-chain amino acid,2.A.26
PN96_RS00935,LysE,,lysine efflux,2.A.75
PN96_RS01990,MFS,,glycerol-3-phosphate,2.A.1
PN96_RS02120,MFS,,Acetyl-CoA:CoA antiporter,2.A.1
PN96_RS04825,MFS,,sugar,2.A.1
PN96_RS06335,MFS,,glycerol-3-phosphate,2.A.1
PN96_RS06700,MFS,,multidrug efflux,2.A.1
PN96_RS06715,MFS,,multidrug efflux,2.A.1
PN96_RS06875,MFS,,multidrug efflux,2.A.1
PN96_RS07590,MFS,,multidrug efflux,2.A.1
PN96_RS08990,MFS,,multidrug efflux,2.A.1
PN96_RS10545,MFS,,multidrug efflux,2.A.1
PN96_RS10560,MFS,,multidrug efflux,2.A.1
PN96_RS13625,MFS,,multidrug efflux,2.A.1
PN96_RS13880,MFS,,multidrug efflux,2.A.1
PN96_RS14145,MFS,,multidrug efflux,2.A.1
PN96_RS14425,MFS,,multidrug efflux,2.A.1
PN96_RS15495,MFS,,multidrug efflux,2.A.1
PN96_RS15915,MFS,,multidrug efflux,2.A.1
PN96_RS15955,MFS,,glycerol-3-phosphate,2.A.1
PN96_RS17075,MFS,,multidrug efflux,2.A.1
PN96_RS17560,MFS,,multidrug efflux,2.A.1
PN96_RS17735,MFS,,multidrug efflux,2.A.1
PN96_RS18115,MFS,,multidrug efflux,2.A.1
PN96_RS18620,MFS,,metabolite (benzoate),2.A.1
PN96_RS19125,MFS,,multidrug efflux,2.A.1
PN96_RS19415,MFS,,nitrate,2.A.1
PN96_RS19690,MFS,,multidrug efflux,2.A.1
PN96_RS19850,MFS,,multidrug efflux,2.A.1
PN96_RS20095,MFS,,oxalate:formate antiporter,2.A.1
PN96_RS20645,MFS,,sugar efflux,2.A.1
PN96_RS22085,MFS,,multidrug efflux,2.A.1
PN96_RS22135,MFS,,cyanate,2.A.1
PN96_RS22375,MFS,,metabolite (alpha-ketoglutarate),2.A.1
PN96_RS00470,MgtE,,magnesium ion,9.A.19
PN96_RS01610,MgtE,,magnesium ion,9.A.19
PN96_RS18130,MgtE,,magnesium ion,9.A.19
PN96_RS01985,MIP,,glycerol uptake,1.A.8
PN96_RS03030,MIP,,glycerol uptake,1.A.8
PN96_RS01965,MIT,,magnesium/cobalt ion,1.A.35
PN96_RS01710,MOP,MATE,multidrug efflux,2.A.66
PN96_RS04710,MOP,PST,polysaccharide export,2.A.66
PN96_RS05915,MOP,MATE,multidrug efflux,2.A.66
PN96_RS06095,MOP,MATE,multidrug efflux,2.A.66
PN96_RS07550,MOP,MATE,multidrug efflux,2.A.66
PN96_RS11035,MOP,MVF,virulence factor MviN,2.A.66
PN96_RS12315,MOP,PST,polysaccharide export,2.A.66
PN96_RS14250,MOP,MATE,multidrug efflux,2.A.66
PN96_RS14515,MOP,MATE,multidrug efflux,2.A.66
PN96_RS15235,MOP,PST,polysaccharide export,2.A.66
PN96_RS16695,MOP,MATE,multidrug efflux,2.A.66
PN96_RS18185,MOP,MATE,multidrug efflux,2.A.66
PN96_RS20745,MOP,MATE,multidrug efflux,2.A.66
PN96_RS08245,Mot/Exb,,unknown substrate,1.A.30
PN96_RS08250,Mot/Exb,,unknown substrate,1.A.30
PN96_RS10205,Mot/Exb,,unknown substrate,1.A.30
PN96_RS00930,MscS,,small-conductance mechanosensitive ion channel,1.A.23
PN96_RS03050,MscS,,small-conductance mechanosensitive ion channel,1.A.23
PN96_RS15340,MscS,,small-conductance mechanosensitive ion channel,1.A.23
PN96_RS15565,MscS,,small-conductance mechanosensitive ion channel,1.A.23
PN96_RS16455,MscS,,small-conductance mechanosensitive ion channel,1.A.23
PN96_RS19215,MscS,,small-conductance mechanosensitive ion channel,1.A.23
PN96_RS22240,MscS,,small-conductance mechanosensitive ion channel,1.A.23
PN96_RS18975,MSS,,sodium ion:malonate symporter,2.A.70
PN96_RS18980,MSS,,sodium ion:malonate symporter,2.A.70
PN96_RS00350,MTB,,unknown substrate,3.A.15
PN96_RS01330,MTB,,unknown substrate,3.A.15
PN96_RS01335,MTB,,unknown substrate,3.A.15
PN96_RS01345,MTB,,unknown substrate,3.A.15
PN96_RS12820,MTB,,unknown substrate,3.A.15
PN96_RS12825,MTB,,unknown substrate,3.A.15
PN96_RS12835,MTB,,unknown substrate,3.A.15
PN96_RS12840,MTB,,unknown substrate,3.A.15
PN96_RS12845,MTB,,unknown substrate,3.A.15
PN96_RS12855,MTB,,unknown substrate,3.A.15
PN96_RS12860,MTB,,unknown substrate,3.A.15
PN96_RS12875,MTB,,unknown substrate,3.A.15
PN96_RS06405,NCS1,,cytosine/purines/uracil/thiamine/allantoin,2.A.39
PN96_RS10460,NCS1,,cytosine/purines/uracil/thiamine/allantoin,2.A.39
PN96_RS22170,NCS1,,cytosine/purines/uracil/thiamine/allantoin,2.A.39
PN96_RS02475,NCS2,,xanthine/uracil,2.A.40
PN96_RS10290,NCS2,,xanthine/uracil,2.A.40
PN96_RS12755,NCS2,,xanthine/uracil,2.A.40
PN96_RS17715,NCS2,,xanthine/uracil,2.A.40
PN96_RS17800,NCS2,,xanthine/uracil,2.A.40
PN96_RS07530,NhaA,,sodium ion:proton antiporter,2.A.33
PN96_RS03465,NhaB,,sodium ion:proton antiporter,2.A.34
PN96_RS03215,NhaC,,sodium ion:proton antiporter,2.A.35
PN96_RS03265,NhaC,,sodium ion:proton antiporter,2.A.35
PN96_RS04845,NhaC,,sodium ion:proton antiporter,2.A.35
PN96_RS05055,NhaC,,sodium ion:proton antiporter,2.A.35
PN96_RS07920,NhaC,,sodium ion:proton antiporter,2.A.35
PN96_RS10500,NhaC,,sodium ion:proton antiporter,2.A.35
PN96_RS18650,NhaC,,sodium ion:proton antiporter,2.A.35
PN96_RS19810,NhaC,,sodium ion:proton antiporter,2.A.35
PN96_RS19835,NhaC,,sodium ion:proton antiporter,2.A.35
PN96_RS16655,NhaD,,sodium ion:proton antiporter,2.A.62
PN96_RS00445,Nramp,,manganese/iron ion,2.A.55
PN96_RS02210,NSS,,sodium ion:solute symporter,2.A.22
PN96_RS03615,NSS,,sodium ion:solute symporter,2.A.22
PN96_RS07700,NSS,,sodium ion:solute symporter,2.A.22
PN96_RS10200,OOP,,unknown substrate,1.B.6
PN96_RS13530,Oxa1,,60 KD inner membrane protein OxaA homolog,2.A.9
PN96_RS05840,P-ATPase,,zinc/cadmium/cobalt ion,3.A.3
PN96_RS08715,P-ATPase,,zinc/cadmium/cobalt ion,3.A.3
PN96_RS09780,P-ATPase,,zinc/cadmium/cobalt ion,3.A.3
PN96_RS21450,P-ATPase,,calcium ion/manganese ion,3.A.3
PN96_RS11550,PiT,,phosphate,2.A.20
PN96_RS11055,PNaS,,sodium ion:phosphate symporter,2.A.58
PN96_RS11295,PNaS,,sodium ion:phosphate symporter,2.A.58
PN96_RS09505,POT,,proton:dipeptide/tripeptide symporter,2.A.17
PN96_RS03230,RhtB,,neutral amino acid/multiple antibiotic resistance,2.A.76
PN96_RS05190,RhtB,,amino acid efflux,2.A.76
PN96_RS06595,RhtB,,amino acid efflux,2.A.76
PN96_RS13925,RhtB,,amino acid efflux,2.A.76
PN96_RS14120,RhtB,,amino acid efflux,2.A.76
PN96_RS16785,RhtB,,amino acid efflux,2.A.76
PN96_RS17440,RhtB,,amino acid efflux,2.A.76
PN96_RS18165,RhtB,,amino acid efflux,2.A.76
PN96_RS18280,RhtB,,amino acid efflux,2.A.76
PN96_RS19575,RhtB,,amino acid efflux,2.A.76
PN96_RS22965,RhtB,,amino acid efflux,2.A.76
PN96_RS01595,RND,HAE1,multidrug/solvent efflux (HAE1 subfamily),2.A.6
PN96_RS03840,RND,,multidrug efflux,2.A.6
PN96_RS05170,RND,,multidrug efflux,2.A.6
PN96_RS07720,RND,HAE1,multidrug/solvent efflux (HAE1 subfamily),2.A.6
PN96_RS08085,RND,HAE1,multidrug/solvent efflux (HAE1 subfamily),2.A.6
PN96_RS08945,RND,HAE1,multidrug/solvent efflux (HAE1 subfamily),2.A.6
PN96_RS13335,RND,HAE1,multidrug/solvent efflux (HAE1 subfamily),2.A.6
PN96_RS15700,RND,,multidrug efflux,2.A.6
PN96_RS15960,RND,,multidrug efflux,2.A.6
PN96_RS17595,RND,HAE1,multidrug/solvent efflux (HAE1 subfamily),2.A.6
PN96_RS17660,RND,HAE1,multidrug/solvent efflux (HAE1 subfamily),2.A.6
PN96_RS18370,RND,HAE1,multidrug/solvent efflux (HAE1 subfamily),2.A.6
PN96_RS19680,RND,HAE1,multidrug/solvent efflux (HAE1 subfamily),2.A.6
PN96_RS20715,RND,HAE1,multidrug/solvent efflux (HAE1 subfamily),2.A.6
PN96_RS21210,RND,HAE1,multidrug/solvent efflux (HAE1 subfamily),2.A.6
PN96_RS22270,RND,,multidrug efflux,2.A.6
PN96_RS23130,RND,HME,cobalt/zinc/cadmium ion efflux (HME subfamily),2.A.6
PN96_RS00485,SSPTS,EnzymeIIA,fructose,4.A
PN96_RS03595,SSPTS,EnzymeIIABC,glucose/maltose/N-acetylglucosamine,4.A
PN96_RS03605,SSPTS,EnzymeIIABC,glucose/maltose/N-acetylglucosamine,4.A
PN96_RS06630,SSPTS,EnzymeIIABC,glucose/maltose/N-acetylglucosamine,4.A
PN96_RS09475,SSPTS,EnzymeIIABC,glucose/maltose/N-acetylglucosamine,4.A
PN96_RS09650,SSPTS,EnzymeIIABC,glucose,4.A
PN96_RS10105,SSPTS,EnzymeIIABC,glucose/maltose/N-acetylglucosamine,4.A
PN96_RS11670,SSPTS,EnzymeIIABC,mannitol,4.A
PN96_RS11690,SSPTS,EnzymeIIABC,glucose/maltose/N-acetylglucosamine,4.A
PN96_RS13365,SSPTS,EnzymeIIABC,glucose/maltose/N-acetylglucosamine,4.A
PN96_RS15845,SSPTS,EnzymeIIABC,glucose/maltose/N-acetylglucosamine,4.A
PN96_RS15905,SSPTS,EnzymeIIABC,glucose/maltose/N-acetylglucosamine,4.A
PN96_RS17920,SSPTS,EnzymeIIABC,glucose/maltose/N-acetylglucosamine,4.A
PN96_RS19715,SSPTS,EnzymeIIABC,glucose/maltose/N-acetylglucosamine,4.A
PN96_RS21195,SSPTS,EnzymeIIA,mannitol/fructose,4.A
PN96_RS21205,SSPTS,EnzymeIIBC,fructose,4.A
PN96_RS05985,SSS,,sodium ion:proline symporter,2.A.21
PN96_RS06615,SSS,,sodium ion:panthothenate symporter,2.A.21
PN96_RS09100,SSS,,sodium ion:proline symporter,2.A.21
PN96_RS10790,SSS,,sodium ion:proline symporter,2.A.21
PN96_RS14430,SSS,,sodium ion:proline symporter,2.A.21
PN96_RS14445,SSS,,sodium ion:proline symporter,2.A.21
PN96_RS16050,SSS,,sodium ion:proline symporter,2.A.21
PN96_RS16390,SSS,,sodium ion:proline symporter,2.A.21
PN96_RS16425,SSS,,sodium ion:proline symporter,2.A.21
PN96_RS19735,SSS,,sodium ion:proline symporter,2.A.21
PN96_RS21490,SSS,,sodium ion:proline symporter,2.A.21
PN96_RS01395,SulP,,sulfate,2.A.53
PN96_RS02440,SulP,,sulfate,2.A.53
PN96_RS03510,SulP,,sulfate,2.A.53
PN96_RS16160,SulP,,sulfate,2.A.53
PN96_RS13025,Tat,,protein export,2.A.64
PN96_RS13030,Tat,,protein export,2.A.64
PN96_RS13035,Tat,,protein export,2.A.64
PN96_RS02020,TDT,,tellurite,2.A.16
PN96_RS18460,TDT,,tellurite,2.A.16
PN96_RS21035,TerC,,tellurium ion efflux,9.A.30
PN96_RS00405,ThrE,,unknown substrate,2.A.79
PN96_RS11820,ThrE,,unknown substrate,2.A.79
PN96_RS11825,ThrE,,unknown substrate,2.A.79
PN96_RS04190,TRAP-T,,C4-dicarboxylate,2.A.56
PN96_RS04195,TRAP-T,,C4-dicarboxylate,2.A.56
PN96_RS04200,TRAP-T,,C4-dicarboxylate,2.A.56
PN96_RS09115,TRAP-T,,C4-dicarboxylate,2.A.56
PN96_RS09120,TRAP-T,,C4-dicarboxylate,2.A.56
PN96_RS09125,TRAP-T,,C4-dicarboxylate,2.A.56
PN96_RS11870,TRAP-T,,C4-dicarboxylate,2.A.56
PN96_RS18430,TRAP-T,,C4-dicarboxylate,2.A.56
PN96_RS18700,TRAP-T,,C4-dicarboxylate,2.A.56
PN96_RS18740,TRAP-T,,C4-dicarboxylate,2.A.56
PN96_RS18745,TRAP-T,,C4-dicarboxylate,2.A.56
PN96_RS18750,TRAP-T,,C4-dicarboxylate,2.A.56
PN96_RS18845,TRAP-T,,C4-dicarboxylate,2.A.56
PN96_RS18850,TRAP-T,,C4-dicarboxylate,2.A.56
PN96_RS18855,TRAP-T,,C4-dicarboxylate,2.A.56
PN96_RS18890,TRAP-T,,C4-dicarboxylate,2.A.56
PN96_RS18895,TRAP-T,,C4-dicarboxylate,2.A.56
PN96_RS18900,TRAP-T,,C4-dicarboxylate,2.A.56
PN96_RS19560,TRAP-T,,C4-dicarboxylate,2.A.56
PN96_RS19565,TRAP-T,,C4-dicarboxylate,2.A.56
PN96_RS19570,TRAP-T,,C4-dicarboxylate,2.A.56
PN96_RS20265,TRAP-T,,C4-dicarboxylate,2.A.56
PN96_RS20270,TRAP-T,,C4-dicarboxylate,2.A.56
PN96_RS20275,TRAP-T,,C4-dicarboxylate,2.A.56
PN96_RS20430,TRAP-T,,C4-dicarboxylate,2.A.56
PN96_RS20435,TRAP-T,,C4-dicarboxylate,2.A.56
PN96_RS20440,TRAP-T,,C4-dicarboxylate,2.A.56
PN96_RS22190,TRAP-T,,C4-dicarboxylate,2.A.56
PN96_RS22195,TRAP-T,,C4-dicarboxylate,2.A.56
PN96_RS22200,TRAP-T,,C4-dicarboxylate,2.A.56
PN96_RS22320,TRAP-T,,C4-dicarboxylate,2.A.56
PN96_RS22325,TRAP-T,,C4-dicarboxylate,2.A.56
PN96_RS22330,TRAP-T,,C4-dicarboxylate,2.A.56
PN96_RS22515,TRAP-T,,C4-dicarboxylate,2.A.56
PN96_RS22520,TRAP-T,,C4-dicarboxylate,2.A.56
PN96_RS22525,TRAP-T,,C4-dicarboxylate,2.A.56
PN96_RS23225,TRAP-T,,C4-dicarboxylate,2.A.56
PN96_RS23230,TRAP-T,,C4-dicarboxylate,2.A.56
PN96_RS23235,TRAP-T,,C4-dicarboxylate,2.A.56
PN96_RS23510,TRAP-T,,C4-dicarboxylate,2.A.56
PN96_RS23515,TRAP-T,,C4-dicarboxylate,2.A.56
PN96_RS23520,TRAP-T,,C4-dicarboxylate,2.A.56
PN96_RS02885,TRIC,,unknown substrate,1.A.62
PN96_RS11285,TRIC,,unknown substrate,1.A.62
PN96_RS09170,Trk,,potassium ion uptake,2.A.38
PN96_RS13405,Trk,,potassium ion uptake,2.A.38
PN96_RS13705,Trk,,potassium ion uptake,2.A.38
PN96_RS05400,TTT,TctA,tricarboxylate (TctA),2.A.80
PN96_RS05410,TTT,TctC,tricarboxylate (TctC),2.A.80
PN96_RS03225,VIC,,potassium ion channel,1.A.1
PN96_RS08215,VIC,,potassium ion channel,1.A.1
PN96_RS11535,VIC,,potassium ion channel,1.A.1
PN96_RS15705,VIC,,potassium ion channel,1.A.1
PN96_RS00835,YggT,,unknown substrate,9.A.4
